GEOID,year,name,parent-location,population,poverty-rate,renter-occupied-households,pct-renter-occupied,median-gross-rent,median-household-income,median-property-value,rent-burden,pct-white,pct-af-am,pct-hispanic,pct-am-ind,pct-asian,pct-nh-pi,pct-multiple,pct-other,eviction-filings,evictions,eviction-rate,eviction-filing-rate,low-flag,imputed,subbed
1203480,2000,Bardmoor,Florida,,,559.79,,,,,,,,,,,,,,23.99,8.99,1.61,4.29,0,0,0
1203480,2001,Bardmoor,Florida,,,573.79,,,,,,,,,,,,,,24.99,10.0,1.74,4.36,0,0,0
1203480,2002,Bardmoor,Florida,,,584.79,,,,,,,,,,,,,,21.99,7.0,1.2,3.76,0,0,0
1203480,2003,Bardmoor,Florida,,,597.79,,,,,,,,,,,,,,19.0,11.0,1.84,3.18,0,0,0
1203480,2004,Bardmoor,Florida,,,610.79,,,,,,,,,,,,,,32.97,9.99,1.64,5.4,0,0,0
1203480,2005,Bardmoor,Florida,,,623.79,,,,,,,,,,,,,,27.99,10.99,1.76,4.49,0,0,0
1203480,2006,Bardmoor,Florida,,,636.79,,,,,,,,,,,,,,27.98,16.99,2.67,4.39,0,0,0
1203480,2007,Bardmoor,Florida,,,649.79,,,,,,,,,,,,,,37.99,25.99,4.0,5.85,0,0,0
1203480,2008,Bardmoor,Florida,,,661.79,,,,,,,,,,,,,,31.99,22.99,3.47,4.83,0,0,0
1203480,2009,Bardmoor,Florida,,,673.79,,,,,,,,,,,,,,28.0,18.0,2.67,4.16,0,0,0
1203480,2010,Bardmoor,Florida,9732.0,9.25,687.79,17.44,1215.0,48607.0,156700.0,33.6,84.09,2.38,7.2,0.32,4.26,0.04,1.56,0.13,37.99,19.99,2.91,5.52,0,0,0
1203480,2011,Bardmoor,Florida,9448.0,10.02,714.78,21.01,1081.0,48270.0,148100.0,28.9,83.39,4.02,6.17,0.08,3.37,0.08,2.71,0.17,40.99,28.0,3.92,5.73,0,0,0
1203480,2012,Bardmoor,Florida,9448.0,10.02,740.77,21.01,1081.0,48270.0,148100.0,28.9,83.39,4.02,6.17,0.08,3.37,0.08,2.71,0.17,43.99,26.99,3.64,5.94,0,0,0
1203480,2013,Bardmoor,Florida,9448.0,10.02,769.76,21.01,1081.0,48270.0,148100.0,28.9,83.39,4.02,6.17,0.08,3.37,0.08,2.71,0.17,53.98,36.99,4.81,7.01,0,0,0
1203480,2014,Bardmoor,Florida,9448.0,10.02,795.76,21.01,1081.0,48270.0,148100.0,28.9,83.39,4.02,6.17,0.08,3.37,0.08,2.71,0.17,66.0,40.0,5.03,8.29,0,0,0
1203480,2015,Bardmoor,Florida,9448.0,10.02,821.75,21.01,1081.0,48270.0,148100.0,28.9,83.39,4.02,6.17,0.08,3.37,0.08,2.71,0.17,40.99,22.99,2.8,4.99,0,0,0
1203480,2016,Bardmoor,Florida,9448.0,10.02,848.74,21.01,1081.0,48270.0,148100.0,28.9,83.39,4.02,6.17,0.08,3.37,0.08,2.71,0.17,42.99,18.0,2.12,5.07,0,0,0
1204200,2000,Bay Pines,Florida,3065.0,3.48,240.62,8.4,533.0,32456.0,94000.0,27.1,95.92,0.23,2.35,0.2,0.46,0.0,0.72,0.13,14.96,6.79,2.82,6.22,0,0,0
1204200,2001,Bay Pines,Florida,3065.0,3.48,246.03,8.4,533.0,32456.0,94000.0,27.1,95.92,0.23,2.35,0.2,0.46,0.0,0.72,0.13,9.58,3.86,1.57,3.89,0,0,0
1204200,2002,Bay Pines,Florida,3065.0,3.48,250.91,8.4,533.0,32456.0,94000.0,27.1,95.92,0.23,2.35,0.2,0.46,0.0,0.72,0.13,20.26,9.22,3.67,8.08,0,0,0
1204200,2003,Bay Pines,Florida,3065.0,3.48,255.94,8.4,533.0,32456.0,94000.0,27.1,95.92,0.23,2.35,0.2,0.46,0.0,0.72,0.13,17.19,8.62,3.37,6.72,0,0,0
1204200,2004,Bay Pines,Florida,3065.0,3.48,261.66,8.4,533.0,32456.0,94000.0,27.1,95.92,0.23,2.35,0.2,0.46,0.0,0.72,0.13,19.4,9.77,3.74,7.42,0,0,0
1204200,2005,Bay Pines,Florida,2645.0,5.87,268.03,9.74,1253.0,45972.0,165000.0,50.0,97.58,0.34,0.72,0.79,0.0,0.0,0.0,0.57,21.6,11.27,4.21,8.06,0,0,0
1204200,2006,Bay Pines,Florida,2645.0,5.87,272.6,9.74,1253.0,45972.0,165000.0,50.0,97.58,0.34,0.72,0.79,0.0,0.0,0.0,0.57,83.73,31.49,11.55,30.72,0,0,0
1204200,2007,Bay Pines,Florida,2645.0,5.87,278.32,9.74,1253.0,45972.0,165000.0,50.0,97.58,0.34,0.72,0.79,0.0,0.0,0.0,0.57,14.59,10.83,3.89,5.24,0,0,0
1204200,2008,Bay Pines,Florida,2645.0,5.87,283.34,9.74,1253.0,45972.0,165000.0,50.0,97.58,0.34,0.72,0.79,0.0,0.0,0.0,0.57,11.43,5.27,1.86,4.03,0,0,0
1204200,2009,Bay Pines,Florida,2645.0,5.87,288.23,9.74,1253.0,45972.0,165000.0,50.0,97.58,0.34,0.72,0.79,0.0,0.0,0.0,0.57,11.78,5.88,2.04,4.09,0,0,0
1204200,2010,Bay Pines,Florida,2931.0,5.45,293.63,16.33,692.0,46641.0,136200.0,42.5,91.54,2.59,3.51,0.14,0.82,0.03,1.19,0.17,14.26,10.68,3.64,4.86,0,0,0
1204200,2011,Bay Pines,Florida,3240.0,6.24,306.03,14.63,934.0,49792.0,123900.0,41.7,91.39,1.05,1.76,0.4,4.66,0.0,0.74,0.0,7.44,3.83,1.25,2.43,0,0,0
1204200,2012,Bay Pines,Florida,3240.0,6.24,317.54,14.63,934.0,49792.0,123900.0,41.7,91.39,1.05,1.76,0.4,4.66,0.0,0.74,0.0,8.89,5.53,1.74,2.8,0,0,0
1204200,2013,Bay Pines,Florida,3240.0,6.24,330.77,14.63,934.0,49792.0,123900.0,41.7,91.39,1.05,1.76,0.4,4.66,0.0,0.74,0.0,12.49,7.15,2.16,3.78,0,0,0
1204200,2014,Bay Pines,Florida,3240.0,6.24,342.86,14.63,934.0,49792.0,123900.0,41.7,91.39,1.05,1.76,0.4,4.66,0.0,0.74,0.0,14.4,7.1,2.07,4.2,0,0,0
1204200,2015,Bay Pines,Florida,3240.0,6.24,354.67,14.63,934.0,49792.0,123900.0,41.7,91.39,1.05,1.76,0.4,4.66,0.0,0.74,0.0,16.67,8.68,2.45,4.7,0,0,0
1204200,2016,Bay Pines,Florida,3240.0,6.24,366.76,14.63,934.0,49792.0,123900.0,41.7,91.39,1.05,1.76,0.4,4.66,0.0,0.74,0.0,7.07,4.83,1.32,1.93,0,0,0
1204735,2000,Bear Creek,Florida,,,350.12,,,,,,,,,,,,,,3.41,1.6,0.46,0.97,0,0,0
1204735,2001,Bear Creek,Florida,,,349.64,,,,,,,,,,,,,,4.77,1.05,0.3,1.36,0,0,0
1204735,2002,Bear Creek,Florida,,,349.0,,,,,,,,,,,,,,7.95,2.88,0.83,2.28,0,0,0
1204735,2003,Bear Creek,Florida,,,348.53,,,,,,,,,,,,,,3.14,0.93,0.27,0.9,0,0,0
1204735,2004,Bear Creek,Florida,,,347.89,,,,,,,,,,,,,,10.81,3.78,1.09,3.11,0,0,0
1204735,2005,Bear Creek,Florida,,,347.42,,,,,,,,,,,,,,6.78,1.76,0.51,1.95,0,0,0
1204735,2006,Bear Creek,Florida,,,346.79,,,,,,,,,,,,,,5.35,0.81,0.23,1.54,0,0,0
1204735,2007,Bear Creek,Florida,,,346.3,,,,,,,,,,,,,,6.72,5.02,1.45,1.94,0,0,0
1204735,2008,Bear Creek,Florida,,,345.68,,,,,,,,,,,,,,9.4,7.17,2.07,2.72,0,0,0
1204735,2009,Bear Creek,Florida,,,345.19,,,,,,,,,,,,,,7.61,5.17,1.5,2.2,0,0,0
1204735,2010,Bear Creek,Florida,1948.0,11.69,344.56,30.07,1135.0,36688.0,189600.0,34.9,89.78,2.05,4.36,0.26,2.05,0.0,1.23,0.26,3.95,3.15,0.91,1.15,0,0,0
1204735,2011,Bear Creek,Florida,1840.0,14.39,355.33,27.92,1123.0,40179.0,211600.0,37.5,85.43,4.73,3.37,0.0,5.6,0.0,0.87,0.0,2.23,0.27,0.08,0.63,0,0,0
1204735,2012,Bear Creek,Florida,1840.0,14.39,364.74,27.92,1123.0,40179.0,211600.0,37.5,85.43,4.73,3.37,0.0,5.6,0.0,0.87,0.0,6.69,3.71,1.02,1.83,0,0,0
1204735,2013,Bear Creek,Florida,1840.0,14.39,375.57,27.92,1123.0,40179.0,211600.0,37.5,85.43,4.73,3.37,0.0,5.6,0.0,0.87,0.0,6.59,4.44,1.18,1.75,0,0,0
1204735,2014,Bear Creek,Florida,1840.0,14.39,385.61,27.92,1123.0,40179.0,211600.0,37.5,85.43,4.73,3.37,0.0,5.6,0.0,0.87,0.0,8.95,2.3,0.6,2.32,0,0,0
1204735,2015,Bear Creek,Florida,1840.0,14.39,395.75,27.92,1123.0,40179.0,211600.0,37.5,85.43,4.73,3.37,0.0,5.6,0.0,0.87,0.0,11.15,6.59,1.67,2.82,0,0,0
1204735,2016,Bear Creek,Florida,1840.0,14.39,405.78,27.92,1123.0,40179.0,211600.0,37.5,85.43,4.73,3.37,0.0,5.6,0.0,0.87,0.0,6.8,4.44,1.09,1.67,0,0,0
1205075,2000,Belleair,Florida,4067.0,3.95,235.97,11.81,791.0,63267.0,242100.0,27.3,96.26,0.15,2.53,0.12,0.39,0.0,0.54,0.0,0.72,0.18,0.08,0.31,0,0,0
1205075,2001,Belleair,Florida,4067.0,3.95,239.97,11.81,791.0,63267.0,242100.0,27.3,96.26,0.15,2.53,0.12,0.39,0.0,0.54,0.0,3.4,1.11,0.46,1.42,0,0,0
1205075,2002,Belleair,Florida,4067.0,3.95,243.01,11.81,791.0,63267.0,242100.0,27.3,96.26,0.15,2.53,0.12,0.39,0.0,0.54,0.0,4.47,2.18,0.9,1.84,0,0,0
1205075,2003,Belleair,Florida,4067.0,3.95,248.01,11.81,791.0,63267.0,242100.0,27.3,96.26,0.15,2.53,0.12,0.39,0.0,0.54,0.0,3.69,0.18,0.07,1.49,0,0,0
1205075,2004,Belleair,Florida,4067.0,3.95,253.01,11.81,791.0,63267.0,242100.0,27.3,96.26,0.15,2.53,0.12,0.39,0.0,0.54,0.0,6.9,1.18,0.47,2.73,0,0,0
1205075,2005,Belleair,Florida,4097.0,1.97,257.01,11.8,1082.0,80938.0,379300.0,38.1,92.43,0.85,3.25,0.0,2.68,0.0,0.0,0.78,1.51,0.29,0.11,0.59,0,0,0
1205075,2006,Belleair,Florida,4097.0,1.97,259.04,11.8,1082.0,80938.0,379300.0,38.1,92.43,0.85,3.25,0.0,2.68,0.0,0.0,0.78,7.65,2.51,0.97,2.95,0,0,0
1205075,2007,Belleair,Florida,4097.0,1.97,264.04,11.8,1082.0,80938.0,379300.0,38.1,92.43,0.85,3.25,0.0,2.68,0.0,0.0,0.78,5.32,0.22,0.08,2.02,0,0,0
1205075,2008,Belleair,Florida,4097.0,1.97,269.04,11.8,1082.0,80938.0,379300.0,38.1,92.43,0.85,3.25,0.0,2.68,0.0,0.0,0.78,7.76,2.54,0.94,2.88,0,0,0
1205075,2009,Belleair,Florida,4097.0,1.97,272.08,11.8,1082.0,80938.0,379300.0,38.1,92.43,0.85,3.25,0.0,2.68,0.0,0.0,0.78,4.79,1.43,0.53,1.76,0,0,0
1205075,2010,Belleair,Florida,3869.0,1.4,276.08,14.93,1213.0,73393.0,362100.0,38.0,93.51,0.8,3.26,0.05,1.55,0.0,0.72,0.1,6.4,3.36,1.22,2.32,0,0,0
1205075,2011,Belleair,Florida,3941.0,1.68,286.19,16.7,1230.0,70691.0,315600.0,23.9,90.64,1.34,5.58,0.0,2.44,0.0,0.0,0.0,2.87,2.65,0.93,1.0,0,0,0
1205075,2012,Belleair,Florida,3941.0,1.68,295.29,16.7,1230.0,70691.0,315600.0,23.9,90.64,1.34,5.58,0.0,2.44,0.0,0.0,0.0,1.97,0.69,0.23,0.67,0,0,0
1205075,2013,Belleair,Florida,3941.0,1.68,306.4,16.7,1230.0,70691.0,315600.0,23.9,90.64,1.34,5.58,0.0,2.44,0.0,0.0,0.0,5.97,2.76,0.9,1.95,0,0,0
1205075,2014,Belleair,Florida,3941.0,1.68,315.51,16.7,1230.0,70691.0,315600.0,23.9,90.64,1.34,5.58,0.0,2.44,0.0,0.0,0.0,1.94,1.43,0.45,0.61,0,0,0
1205075,2015,Belleair,Florida,3941.0,1.68,325.62,16.7,1230.0,70691.0,315600.0,23.9,90.64,1.34,5.58,0.0,2.44,0.0,0.0,0.0,4.47,1.4,0.43,1.37,0,0,0
1205075,2016,Belleair,Florida,3941.0,1.68,334.73,16.7,1230.0,70691.0,315600.0,23.9,90.64,1.34,5.58,0.0,2.44,0.0,0.0,0.0,11.13,4.83,1.44,3.32,0,0,0
1205100,2000,Belleair Beach,Florida,1751.0,7.83,97.16,12.36,984.0,63529.0,264900.0,23.6,94.29,0.23,2.86,0.17,1.37,0.11,0.97,0.0,0.95,0.0,0.0,0.98,0,0,0
1205100,2001,Belleair Beach,Florida,1751.0,7.83,95.26,12.36,984.0,63529.0,264900.0,23.6,94.29,0.23,2.86,0.17,1.37,0.11,0.97,0.0,0.95,0.0,0.0,1.0,0,0,0
1205100,2002,Belleair Beach,Florida,1751.0,7.83,93.35,12.36,984.0,63529.0,264900.0,23.6,94.29,0.23,2.86,0.17,1.37,0.11,0.97,0.0,3.81,0.95,1.02,4.08,0,0,0
1205100,2003,Belleair Beach,Florida,1751.0,7.83,92.4,12.36,984.0,63529.0,264900.0,23.6,94.29,0.23,2.86,0.17,1.37,0.11,0.97,0.0,3.81,1.91,2.06,4.12,0,0,0
1205100,2004,Belleair Beach,Florida,1751.0,7.83,90.5,12.36,984.0,63529.0,264900.0,23.6,94.29,0.23,2.86,0.17,1.37,0.11,0.97,0.0,6.67,0.95,1.05,7.37,0,0,0
1205100,2005,Belleair Beach,Florida,1295.0,2.83,88.59,7.38,1722.0,90000.0,640500.0,35.8,95.83,0.0,2.16,0.0,2.01,0.0,0.0,0.0,0.95,0.0,0.0,1.08,0,0,0
1205100,2006,Belleair Beach,Florida,1295.0,2.83,86.69,7.38,1722.0,90000.0,640500.0,35.8,95.83,0.0,2.16,0.0,2.01,0.0,0.0,0.0,2.86,1.91,2.2,3.3,0,0,0
1205100,2007,Belleair Beach,Florida,1295.0,2.83,84.78,7.38,1722.0,90000.0,640500.0,35.8,95.83,0.0,2.16,0.0,2.01,0.0,0.0,0.0,4.76,0.95,1.12,5.62,0,0,0
1205100,2008,Belleair Beach,Florida,1295.0,2.83,83.83,7.38,1722.0,90000.0,640500.0,35.8,95.83,0.0,2.16,0.0,2.01,0.0,0.0,0.0,4.76,2.86,3.41,5.68,0,0,0
1205100,2009,Belleair Beach,Florida,1295.0,2.83,81.92,7.38,1722.0,90000.0,640500.0,35.8,95.83,0.0,2.16,0.0,2.01,0.0,0.0,0.0,2.86,1.91,2.33,3.49,0,0,0
1205100,2010,Belleair Beach,Florida,1560.0,5.19,80.02,10.55,1848.0,73750.0,564400.0,47.9,92.63,0.38,3.72,0.06,1.03,0.0,1.92,0.26,0.95,0.95,1.19,1.19,0,0,0
1205100,2011,Belleair Beach,Florida,1685.0,3.69,81.92,15.49,2223.0,91250.0,562100.0,24.5,92.58,1.78,2.61,0.0,3.03,0.0,0.0,0.0,2.86,1.91,2.33,3.49,0,0,0
1205100,2012,Belleair Beach,Florida,1685.0,3.69,84.78,15.49,2223.0,91250.0,562100.0,24.5,92.58,1.78,2.61,0.0,3.03,0.0,0.0,0.0,0.95,0.95,1.12,1.12,0,0,0
1205100,2013,Belleair Beach,Florida,1685.0,3.69,86.69,15.49,2223.0,91250.0,562100.0,24.5,92.58,1.78,2.61,0.0,3.03,0.0,0.0,0.0,3.81,2.86,3.3,4.4,0,0,0
1205100,2014,Belleair Beach,Florida,1685.0,3.69,88.59,15.49,2223.0,91250.0,562100.0,24.5,92.58,1.78,2.61,0.0,3.03,0.0,0.0,0.0,1.91,0.95,1.08,2.15,0,0,0
1205100,2015,Belleair Beach,Florida,1685.0,3.69,91.45,15.49,2223.0,91250.0,562100.0,24.5,92.58,1.78,2.61,0.0,3.03,0.0,0.0,0.0,1.91,0.0,0.0,2.08,0,0,0
1205100,2016,Belleair Beach,Florida,1685.0,3.69,93.35,15.49,2223.0,91250.0,562100.0,24.5,92.58,1.78,2.61,0.0,3.03,0.0,0.0,0.0,2.86,1.91,2.04,3.06,0,0,0
1205125,2000,Belleair Bluffs,Florida,2243.0,6.15,279.87,31.65,539.0,32528.0,127600.0,24.6,96.83,0.18,1.25,0.0,0.98,0.0,0.62,0.13,3.43,1.84,0.66,1.23,0,0,0
1205125,2001,Belleair Bluffs,Florida,2243.0,6.15,284.59,31.65,539.0,32528.0,127600.0,24.6,96.83,0.18,1.25,0.0,0.98,0.0,0.62,0.13,5.17,0.94,0.33,1.82,0,0,0
1205125,2002,Belleair Bluffs,Florida,2243.0,6.15,289.63,31.65,539.0,32528.0,127600.0,24.6,96.83,0.18,1.25,0.0,0.98,0.0,0.62,0.13,14.43,5.09,1.76,4.98,0,0,0
1205125,2003,Belleair Bluffs,Florida,2243.0,6.15,295.35,31.65,539.0,32528.0,127600.0,24.6,96.83,0.18,1.25,0.0,0.98,0.0,0.62,0.13,8.44,3.04,1.03,2.86,0,0,0
1205125,2004,Belleair Bluffs,Florida,2243.0,6.15,300.06,31.65,539.0,32528.0,127600.0,24.6,96.83,0.18,1.25,0.0,0.98,0.0,0.62,0.13,14.6,3.28,1.09,4.87,0,0,0
1205125,2005,Belleair Bluffs,Florida,2344.0,8.21,305.1,37.47,825.0,39702.0,214900.0,31.5,89.8,0.0,6.06,0.3,2.69,0.47,0.68,0.0,8.74,3.7,1.21,2.86,0,0,0
1205125,2006,Belleair Bluffs,Florida,2344.0,8.21,309.82,37.47,825.0,39702.0,214900.0,31.5,89.8,0.0,6.06,0.3,2.69,0.47,0.68,0.0,6.48,3.02,0.97,2.09,0,0,0
1205125,2007,Belleair Bluffs,Florida,2344.0,8.21,314.54,37.47,825.0,39702.0,214900.0,31.5,89.8,0.0,6.06,0.3,2.69,0.47,0.68,0.0,8.41,5.27,1.67,2.68,0,0,0
1205125,2008,Belleair Bluffs,Florida,2344.0,8.21,320.26,37.47,825.0,39702.0,214900.0,31.5,89.8,0.0,6.06,0.3,2.69,0.47,0.68,0.0,9.84,5.73,1.79,3.07,0,0,0
1205125,2009,Belleair Bluffs,Florida,2344.0,8.21,325.3,37.47,825.0,39702.0,214900.0,31.5,89.8,0.0,6.06,0.3,2.69,0.47,0.68,0.0,5.06,2.21,0.68,1.56,0,0,0
1205125,2010,Belleair Bluffs,Florida,2031.0,12.69,330.02,35.48,912.0,38262.0,195200.0,30.4,91.97,0.79,4.87,0.2,1.28,0.1,0.64,0.15,5.38,5.06,1.53,1.63,0,0,0
1205125,2011,Belleair Bluffs,Florida,2236.0,7.79,339.77,33.19,895.0,46000.0,167400.0,28.6,93.65,1.74,2.33,0.72,0.67,0.0,0.89,0.0,6.47,2.82,0.83,1.9,0,0,0
1205125,2012,Belleair Bluffs,Florida,2236.0,7.79,348.09,33.19,895.0,46000.0,167400.0,28.6,93.65,1.74,2.33,0.72,0.67,0.0,0.89,0.0,11.41,4.52,1.3,3.28,0,0,0
1205125,2013,Belleair Bluffs,Florida,2236.0,7.79,357.84,33.19,895.0,46000.0,167400.0,28.6,93.65,1.74,2.33,0.72,0.67,0.0,0.89,0.0,15.18,9.23,2.58,4.24,0,0,0
1205125,2014,Belleair Bluffs,Florida,2236.0,7.79,366.38,33.19,895.0,46000.0,167400.0,28.6,93.65,1.74,2.33,0.72,0.67,0.0,0.89,0.0,16.67,7.53,2.06,4.55,0,0,0
1205125,2015,Belleair Bluffs,Florida,2236.0,7.79,375.81,33.19,895.0,46000.0,167400.0,28.6,93.65,1.74,2.33,0.72,0.67,0.0,0.89,0.0,8.19,2.67,0.71,2.18,0,0,0
1205125,2016,Belleair Bluffs,Florida,2236.0,7.79,384.46,33.19,895.0,46000.0,167400.0,28.6,93.65,1.74,2.33,0.72,0.67,0.0,0.89,0.0,8.35,4.18,1.09,2.17,0,0,0
1205150,2000,Belleair Shore,Florida,0.0,0.0,4.84,0.0,0.0,0.0,0.0,0.0,0.0,0.0,0.0,0.0,0.0,0.0,0.0,0.0,0.05,0.0,0.0,0.98,0,0,0
1205150,2001,Belleair Shore,Florida,0.0,0.0,4.74,0.0,0.0,0.0,0.0,0.0,0.0,0.0,0.0,0.0,0.0,0.0,0.0,0.0,0.05,0.0,0.0,1.0,0,0,0
1205150,2002,Belleair Shore,Florida,0.0,0.0,4.65,0.0,0.0,0.0,0.0,0.0,0.0,0.0,0.0,0.0,0.0,0.0,0.0,0.0,0.19,0.05,1.02,4.08,0,0,0
1205150,2003,Belleair Shore,Florida,0.0,0.0,4.6,0.0,0.0,0.0,0.0,0.0,0.0,0.0,0.0,0.0,0.0,0.0,0.0,0.0,0.19,0.09,2.06,4.12,0,0,0
1205150,2004,Belleair Shore,Florida,0.0,0.0,4.5,0.0,0.0,0.0,0.0,0.0,0.0,0.0,0.0,0.0,0.0,0.0,0.0,0.0,0.33,0.05,1.05,7.37,0,0,0
1205150,2005,Belleair Shore,Florida,60.0,0.0,4.41,4.0,,125313.0,1000001.0,,96.67,0.0,3.33,0.0,0.0,0.0,0.0,0.0,0.05,0.0,0.0,1.08,0,0,0
1205150,2006,Belleair Shore,Florida,60.0,0.0,4.31,4.0,,125313.0,1000001.0,,96.67,0.0,3.33,0.0,0.0,0.0,0.0,0.0,0.14,0.09,2.2,3.3,0,0,0
1205150,2007,Belleair Shore,Florida,60.0,0.0,4.22,4.0,,125313.0,1000001.0,,96.67,0.0,3.33,0.0,0.0,0.0,0.0,0.0,0.24,0.05,1.12,5.62,0,0,0
1205150,2008,Belleair Shore,Florida,60.0,0.0,4.17,4.0,,125313.0,1000001.0,,96.67,0.0,3.33,0.0,0.0,0.0,0.0,0.0,0.24,0.14,3.41,5.68,0,0,0
1205150,2009,Belleair Shore,Florida,60.0,0.0,4.08,4.0,,125313.0,1000001.0,,96.67,0.0,3.33,0.0,0.0,0.0,0.0,0.0,0.14,0.09,2.33,3.49,0,0,0
1205150,2010,Belleair Shore,Florida,109.0,0.0,3.98,11.11,,134821.0,1000001.0,,80.73,0.92,4.59,0.0,1.83,0.0,11.93,0.0,0.05,0.05,1.19,1.19,0,0,0
1205150,2011,Belleair Shore,Florida,62.0,0.0,4.08,0.0,,216250.0,2000001.0,,88.71,0.0,4.84,0.0,6.45,0.0,0.0,0.0,0.14,0.09,2.33,3.49,0,0,0
1205150,2012,Belleair Shore,Florida,62.0,0.0,4.22,0.0,,216250.0,2000001.0,,88.71,0.0,4.84,0.0,6.45,0.0,0.0,0.0,0.05,0.05,1.12,1.12,0,0,0
1205150,2013,Belleair Shore,Florida,62.0,0.0,4.31,0.0,,216250.0,2000001.0,,88.71,0.0,4.84,0.0,6.45,0.0,0.0,0.0,0.19,0.14,3.3,4.4,0,0,0
1205150,2014,Belleair Shore,Florida,62.0,0.0,4.41,0.0,,216250.0,2000001.0,,88.71,0.0,4.84,0.0,6.45,0.0,0.0,0.0,0.09,0.05,1.08,2.15,0,0,0
1205150,2015,Belleair Shore,Florida,62.0,0.0,4.55,0.0,,216250.0,2000001.0,,88.71,0.0,4.84,0.0,6.45,0.0,0.0,0.0,0.09,0.0,0.0,2.08,0,0,0
1205150,2016,Belleair Shore,Florida,62.0,0.0,4.65,0.0,,216250.0,2000001.0,,88.71,0.0,4.84,0.0,6.45,0.0,0.0,0.0,0.14,0.09,2.04,3.06,0,0,0
1212875,2000,Clearwater,Florida,108787.0,12.35,18319.3,37.88,637.0,36494.0,100500.0,27.3,78.15,9.52,8.97,0.2,1.62,0.06,1.33,0.15,1218.61,426.0,2.33,6.65,0,0,0
1212875,2001,Clearwater,Florida,108787.0,12.35,18440.65,37.88,637.0,36494.0,100500.0,27.3,78.15,9.52,8.97,0.2,1.62,0.06,1.33,0.15,1126.43,395.83,2.15,6.11,0,0,0
1212875,2002,Clearwater,Florida,108787.0,12.35,18556.34,37.88,637.0,36494.0,100500.0,27.3,78.15,9.52,8.97,0.2,1.62,0.06,1.33,0.15,1419.89,555.19,2.99,7.65,0,0,0
1212875,2003,Clearwater,Florida,108787.0,12.35,18678.95,37.88,637.0,36494.0,100500.0,27.3,78.15,9.52,8.97,0.2,1.62,0.06,1.33,0.15,1464.56,652.48,3.49,7.84,0,0,0
1212875,2004,Clearwater,Florida,108787.0,12.35,18788.69,37.88,637.0,36494.0,100500.0,27.3,78.15,9.52,8.97,0.2,1.62,0.06,1.33,0.15,1691.25,666.86,3.55,9.0,0,0,0
1212875,2005,Clearwater,Florida,106695.0,11.27,18930.11,37.82,891.0,42465.0,193700.0,33.2,73.49,10.28,12.4,0.23,1.55,0.36,1.49,0.2,1297.92,771.02,4.07,6.86,0,0,0
1212875,2006,Clearwater,Florida,106695.0,11.27,19024.62,37.82,891.0,42465.0,193700.0,33.2,73.49,10.28,12.4,0.23,1.55,0.36,1.49,0.2,1224.13,727.63,3.82,6.43,0,0,0
1212875,2007,Clearwater,Florida,106695.0,11.27,19149.94,37.82,891.0,42465.0,193700.0,33.2,73.49,10.28,12.4,0.23,1.55,0.36,1.49,0.2,1223.74,740.87,3.87,6.39,0,0,0
1212875,2008,Clearwater,Florida,106695.0,11.27,19258.56,37.82,891.0,42465.0,193700.0,33.2,73.49,10.28,12.4,0.23,1.55,0.36,1.49,0.2,1101.67,683.81,3.55,5.72,0,0,0
1212875,2009,Clearwater,Florida,106695.0,11.27,19384.43,37.82,891.0,42465.0,193700.0,33.2,73.49,10.28,12.4,0.23,1.55,0.36,1.49,0.2,1063.8,631.51,3.26,5.49,0,0,0
1212875,2010,Clearwater,Florida,107685.0,11.14,19494.6,41.16,954.0,42427.0,166300.0,35.2,71.07,10.46,14.16,0.22,2.09,0.12,1.68,0.2,993.11,668.93,3.43,5.09,0,0,0
1212875,2011,Clearwater,Florida,110381.0,11.01,19989.51,41.67,953.0,44198.0,156400.0,34.7,70.42,10.97,13.88,0.24,2.24,0.12,2.05,0.07,995.44,675.33,3.38,4.98,0,0,0
1212875,2012,Clearwater,Florida,110381.0,11.01,20470.54,41.67,953.0,44198.0,156400.0,34.7,70.42,10.97,13.88,0.24,2.24,0.12,2.05,0.07,1186.26,733.59,3.58,5.79,0,0,0
1212875,2013,Clearwater,Florida,110381.0,11.01,20976.99,41.67,953.0,44198.0,156400.0,34.7,70.42,10.97,13.88,0.24,2.24,0.12,2.05,0.07,1258.17,742.2,3.54,6.0,0,0,0
1212875,2014,Clearwater,Florida,110381.0,11.01,21442.74,41.67,953.0,44198.0,156400.0,34.7,70.42,10.97,13.88,0.24,2.24,0.12,2.05,0.07,1343.26,716.19,3.34,6.26,0,0,0
1212875,2015,Clearwater,Florida,110381.0,11.01,21939.57,41.67,953.0,44198.0,156400.0,34.7,70.42,10.97,13.88,0.24,2.24,0.12,2.05,0.07,1293.98,680.28,3.1,5.9,0,0,0
1212875,2016,Clearwater,Florida,110381.0,11.01,22418.68,41.67,953.0,44198.0,156400.0,34.7,70.42,10.97,13.88,0.24,2.24,0.12,2.05,0.07,1248.7,584.5,2.61,5.57,0,0,0
1218575,2000,Dunedin,Florida,35691.0,8.19,4641.9,28.61,581.0,34813.0,95800.0,28.6,92.45,1.94,3.34,0.19,1.11,0.03,0.86,0.08,190.29,63.58,1.37,4.1,0,0,0
1218575,2001,Dunedin,Florida,35691.0,8.19,4743.28,28.61,581.0,34813.0,95800.0,28.6,92.45,1.94,3.34,0.19,1.11,0.03,0.86,0.08,154.02,46.14,0.97,3.25,0,0,0
1218575,2002,Dunedin,Florida,35691.0,8.19,4841.46,28.61,581.0,34813.0,95800.0,28.6,92.45,1.94,3.34,0.19,1.11,0.03,0.86,0.08,233.95,83.02,1.71,4.83,0,0,0
1218575,2003,Dunedin,Florida,35691.0,8.19,4940.69,28.61,581.0,34813.0,95800.0,28.6,92.45,1.94,3.34,0.19,1.11,0.03,0.86,0.08,262.66,117.64,2.38,5.32,0,0,0
1218575,2004,Dunedin,Florida,35691.0,8.19,5036.83,28.61,581.0,34813.0,95800.0,28.6,92.45,1.94,3.34,0.19,1.11,0.03,0.86,0.08,227.81,85.13,1.69,4.52,0,0,0
1218575,2005,Dunedin,Florida,36215.0,6.53,5146.68,29.63,857.0,43183.0,192000.0,32.0,88.53,2.8,5.29,0.13,1.2,0.04,1.82,0.19,241.34,133.45,2.59,4.69,0,0,0
1218575,2006,Dunedin,Florida,36215.0,6.53,5240.41,29.63,857.0,43183.0,192000.0,32.0,88.53,2.8,5.29,0.13,1.2,0.04,1.82,0.19,190.55,114.11,2.18,3.64,0,0,0
1218575,2007,Dunedin,Florida,36215.0,6.53,5338.54,29.63,857.0,43183.0,192000.0,32.0,88.53,2.8,5.29,0.13,1.2,0.04,1.82,0.19,205.7,128.82,2.41,3.85,0,0,0
1218575,2008,Dunedin,Florida,36215.0,6.53,5434.35,29.63,857.0,43183.0,192000.0,32.0,88.53,2.8,5.29,0.13,1.2,0.04,1.82,0.19,218.66,129.25,2.38,4.02,0,0,0
1218575,2009,Dunedin,Florida,36215.0,6.53,5536.62,29.63,857.0,43183.0,192000.0,32.0,88.53,2.8,5.29,0.13,1.2,0.04,1.82,0.19,230.64,130.77,2.36,4.17,0,0,0
1218575,2010,Dunedin,Florida,35321.0,6.78,5634.34,33.17,948.0,47528.0,170500.0,32.9,87.41,3.1,5.93,0.21,1.61,0.14,1.39,0.22,200.07,122.27,2.17,3.55,0,0,0
1218575,2011,Dunedin,Florida,35712.0,5.09,5807.64,37.98,970.0,45618.0,156000.0,31.5,85.36,3.57,6.69,0.61,2.04,0.08,1.37,0.27,190.03,129.57,2.23,3.27,0,0,0
1218575,2012,Dunedin,Florida,35712.0,5.09,5974.56,37.98,970.0,45618.0,156000.0,31.5,85.36,3.57,6.69,0.61,2.04,0.08,1.37,0.27,187.75,109.37,1.83,3.14,0,0,0
1218575,2013,Dunedin,Florida,35712.0,5.09,6151.87,37.98,970.0,45618.0,156000.0,31.5,85.36,3.57,6.69,0.61,2.04,0.08,1.37,0.27,216.26,130.37,2.12,3.52,0,0,0
1218575,2014,Dunedin,Florida,35712.0,5.09,6314.03,37.98,970.0,45618.0,156000.0,31.5,85.36,3.57,6.69,0.61,2.04,0.08,1.37,0.27,197.79,99.3,1.57,3.13,0,0,0
1218575,2015,Dunedin,Florida,35712.0,5.09,6486.38,37.98,970.0,45618.0,156000.0,31.5,85.36,3.57,6.69,0.61,2.04,0.08,1.37,0.27,205.29,95.49,1.47,3.16,0,0,0
1218575,2016,Dunedin,Florida,35712.0,5.09,6654.25,37.98,970.0,45618.0,156000.0,31.5,85.36,3.57,6.69,0.61,2.04,0.08,1.37,0.27,184.21,87.09,1.31,2.77,0,0,0
1219206,2000,East Lake,Florida,29394.0,3.92,1978.44,15.88,797.0,67546.0,197700.0,21.8,91.88,1.06,3.72,0.11,2.31,0.01,0.79,0.12,53.96,12.07,0.61,2.73,0,0,0
1219206,2001,East Lake,Florida,29394.0,3.92,2048.16,15.88,797.0,67546.0,197700.0,21.8,91.88,1.06,3.72,0.11,2.31,0.01,0.79,0.12,62.35,16.8,0.82,3.04,0,0,0
1219206,2002,East Lake,Florida,29394.0,3.92,2117.2,15.88,797.0,67546.0,197700.0,21.8,91.88,1.06,3.72,0.11,2.31,0.01,0.79,0.12,114.42,38.7,1.83,5.4,0,0,0
1219206,2003,East Lake,Florida,29394.0,3.92,2185.92,15.88,797.0,67546.0,197700.0,21.8,91.88,1.06,3.72,0.11,2.31,0.01,0.79,0.12,154.72,63.99,2.93,7.08,0,0,0
1219206,2004,East Lake,Florida,29394.0,3.92,2256.13,15.88,797.0,67546.0,197700.0,21.8,91.88,1.06,3.72,0.11,2.31,0.01,0.79,0.12,160.9,55.64,2.47,7.13,0,0,0
1219206,2005,East Lake,Florida,30917.0,4.18,2327.85,19.36,1104.0,74420.0,337900.0,24.0,89.03,0.67,4.86,0.04,4.62,0.0,0.62,0.16,143.62,77.19,3.32,6.17,0,0,0
1219206,2006,East Lake,Florida,30917.0,4.18,2395.4,19.36,1104.0,74420.0,337900.0,24.0,89.03,0.67,4.86,0.04,4.62,0.0,0.62,0.16,98.79,53.02,2.21,4.12,0,0,0
1219206,2007,East Lake,Florida,30917.0,4.18,2463.61,19.36,1104.0,74420.0,337900.0,24.0,89.03,0.67,4.86,0.04,4.62,0.0,0.62,0.16,92.91,48.66,1.98,3.77,0,0,0
1219206,2008,East Lake,Florida,30917.0,4.18,2534.33,19.36,1104.0,74420.0,337900.0,24.0,89.03,0.67,4.86,0.04,4.62,0.0,0.62,0.16,100.28,61.76,2.44,3.96,0,0,0
1219206,2009,East Lake,Florida,30917.0,4.18,2601.36,19.36,1104.0,74420.0,337900.0,24.0,89.03,0.67,4.86,0.04,4.62,0.0,0.62,0.16,91.28,52.75,2.03,3.51,0,0,0
1219206,2010,East Lake,Florida,30962.0,5.38,2672.08,19.6,1113.0,70223.0,283700.0,27.7,87.55,1.47,5.95,0.12,3.42,0.02,1.38,0.1,60.31,32.52,1.22,2.26,0,0,0
1219206,2011,East Lake,Florida,32054.0,4.43,2764.52,20.77,1213.0,76634.0,280500.0,31.9,86.97,0.92,6.9,0.2,3.25,0.0,1.73,0.04,73.0,56.35,2.04,2.64,0,0,0
1219206,2012,East Lake,Florida,32054.0,4.43,2859.42,20.77,1213.0,76634.0,280500.0,31.9,86.97,0.92,6.9,0.2,3.25,0.0,1.73,0.04,62.74,42.76,1.5,2.19,0,0,0
1219206,2013,East Lake,Florida,32054.0,4.43,2954.05,20.77,1213.0,76634.0,280500.0,31.9,86.97,0.92,6.9,0.2,3.25,0.0,1.73,0.04,59.54,33.54,1.14,2.02,0,0,0
1219206,2014,East Lake,Florida,32054.0,4.43,3041.46,20.77,1213.0,76634.0,280500.0,31.9,86.97,0.92,6.9,0.2,3.25,0.0,1.73,0.04,57.98,25.03,0.82,1.91,0,0,0
1219206,2015,East Lake,Florida,32054.0,4.43,3138.39,20.77,1213.0,76634.0,280500.0,31.9,86.97,0.92,6.9,0.2,3.25,0.0,1.73,0.04,64.65,28.82,0.92,2.06,0,0,0
1219206,2016,East Lake,Florida,32054.0,4.43,3228.8,20.77,1213.0,76634.0,280500.0,31.9,86.97,0.92,6.9,0.2,3.25,0.0,1.73,0.04,70.14,25.0,0.77,2.17,0,0,0
1221945,2000,Feather Sound,Florida,3597.0,2.21,957.25,50.29,881.0,71310.0,187400.0,18.2,90.41,2.0,4.06,0.11,2.5,0.03,0.64,0.25,5.97,1.0,0.1,0.62,0,0,0
1221945,2001,Feather Sound,Florida,3597.0,2.21,925.25,50.29,881.0,71310.0,187400.0,18.2,90.41,2.0,4.06,0.11,2.5,0.03,0.64,0.25,23.99,6.0,0.65,2.59,0,0,0
1221945,2002,Feather Sound,Florida,3597.0,2.21,894.24,50.29,881.0,71310.0,187400.0,18.2,90.41,2.0,4.06,0.11,2.5,0.03,0.64,0.25,43.96,15.96,1.79,4.92,0,0,0
1221945,2003,Feather Sound,Florida,3597.0,2.21,862.24,50.29,881.0,71310.0,187400.0,18.2,90.41,2.0,4.06,0.11,2.5,0.03,0.64,0.25,32.94,14.97,1.74,3.82,0,0,0
1221945,2004,Feather Sound,Florida,3597.0,2.21,830.24,50.29,881.0,71310.0,187400.0,18.2,90.41,2.0,4.06,0.11,2.5,0.03,0.64,0.25,42.93,13.99,1.68,5.17,0,0,0
1221945,2005,Feather Sound,Florida,3338.0,2.46,799.23,32.97,1104.0,86140.0,268200.0,21.2,87.51,0.36,7.94,0.0,3.89,0.0,0.3,0.0,14.94,6.95,0.87,1.87,0,0,0
1221945,2006,Feather Sound,Florida,3338.0,2.46,766.23,32.97,1104.0,86140.0,268200.0,21.2,87.51,0.36,7.94,0.0,3.89,0.0,0.3,0.0,17.91,14.92,1.95,2.34,0,0,0
1221945,2007,Feather Sound,Florida,3338.0,2.46,735.22,32.97,1104.0,86140.0,268200.0,21.2,87.51,0.36,7.94,0.0,3.89,0.0,0.3,0.0,10.96,6.97,0.95,1.49,0,0,0
1221945,2008,Feather Sound,Florida,3338.0,2.46,703.22,32.97,1104.0,86140.0,268200.0,21.2,87.51,0.36,7.94,0.0,3.89,0.0,0.3,0.0,12.94,6.96,0.99,1.84,0,0,0
1221945,2009,Feather Sound,Florida,3338.0,2.46,672.21,32.97,1104.0,86140.0,268200.0,21.2,87.51,0.36,7.94,0.0,3.89,0.0,0.3,0.0,10.94,7.95,1.18,1.63,0,0,0
1221945,2010,Feather Sound,Florida,3420.0,6.14,640.21,35.69,1105.0,75705.0,291000.0,22.2,83.68,2.57,5.73,0.26,5.91,0.0,1.64,0.2,5.98,2.98,0.47,0.93,0,0,0
1221945,2011,Feather Sound,Florida,3370.0,2.82,659.11,43.69,1136.0,78035.0,284400.0,22.6,77.6,0.8,7.42,0.0,11.45,0.0,2.43,0.3,6.97,5.97,0.91,1.06,0,0,0
1221945,2012,Feather Sound,Florida,3370.0,2.82,678.01,43.69,1136.0,78035.0,284400.0,22.6,77.6,0.8,7.42,0.0,11.45,0.0,2.43,0.3,8.97,5.98,0.88,1.32,0,0,0
1221945,2013,Feather Sound,Florida,3370.0,2.82,697.92,43.69,1136.0,78035.0,284400.0,22.6,77.6,0.8,7.42,0.0,11.45,0.0,2.43,0.3,5.97,3.97,0.57,0.86,0,0,0
1221945,2014,Feather Sound,Florida,3370.0,2.82,716.82,43.69,1136.0,78035.0,284400.0,22.6,77.6,0.8,7.42,0.0,11.45,0.0,2.43,0.3,6.99,3.0,0.42,0.97,0,0,0
1221945,2015,Feather Sound,Florida,3370.0,2.82,735.72,43.69,1136.0,78035.0,284400.0,22.6,77.6,0.8,7.42,0.0,11.45,0.0,2.43,0.3,8.96,3.98,0.54,1.22,0,0,0
1221945,2016,Feather Sound,Florida,3370.0,2.82,754.63,43.69,1136.0,78035.0,284400.0,22.6,77.6,0.8,7.42,0.0,11.45,0.0,2.43,0.3,15.89,3.98,0.53,2.11,0,0,0
1227360,2000,Greenbriar,Florida,,,181.59,,,,,,,,,,,,,,4.0,1.33,0.73,2.2,0,0,0
1227360,2001,Greenbriar,Florida,,,189.59,,,,,,,,,,,,,,0.67,0.67,0.35,0.35,0,0,0
1227360,2002,Greenbriar,Florida,,,197.25,,,,,,,,,,,,,,4.33,1.0,0.51,2.2,0,0,0
1227360,2003,Greenbriar,Florida,,,205.92,,,,,,,,,,,,,,5.33,3.33,1.62,2.59,0,0,0
1227360,2004,Greenbriar,Florida,,,213.92,,,,,,,,,,,,,,8.0,3.67,1.71,3.74,0,0,0
1227360,2005,Greenbriar,Florida,,,221.58,,,,,,,,,,,,,,6.67,5.33,2.41,3.01,0,0,0
1227360,2006,Greenbriar,Florida,,,230.25,,,,,,,,,,,,,,5.0,0.0,0.0,2.17,0,0,0
1227360,2007,Greenbriar,Florida,,,237.25,,,,,,,,,,,,,,1.33,0.0,0.0,0.56,0,0,0
1227360,2008,Greenbriar,Florida,,,245.91,,,,,,,,,,,,,,4.0,1.0,0.41,1.63,0,0,0
1227360,2009,Greenbriar,Florida,,,252.91,,,,,,,,,,,,,,3.0,3.0,1.19,1.19,0,0,0
1227360,2010,Greenbriar,Florida,2502.0,0.0,261.58,15.07,1111.0,44103.0,144900.0,42.2,85.45,3.4,7.51,0.04,2.32,0.0,1.08,0.2,7.0,4.33,1.66,2.68,0,0,0
1227360,2011,Greenbriar,Florida,2385.0,0.0,270.91,20.18,1326.0,55319.0,147300.0,29.2,83.02,1.89,13.25,0.0,0.0,0.0,1.84,0.0,4.0,4.0,1.48,1.48,0,0,0
1227360,2012,Greenbriar,Florida,2385.0,0.0,281.24,20.18,1326.0,55319.0,147300.0,29.2,83.02,1.89,13.25,0.0,0.0,0.0,1.84,0.0,4.0,2.0,0.71,1.42,0,0,0
1227360,2013,Greenbriar,Florida,2385.0,0.0,290.57,20.18,1326.0,55319.0,147300.0,29.2,83.02,1.89,13.25,0.0,0.0,0.0,1.84,0.0,2.67,1.67,0.57,0.92,0,0,0
1227360,2014,Greenbriar,Florida,2385.0,0.0,299.9,20.18,1326.0,55319.0,147300.0,29.2,83.02,1.89,13.25,0.0,0.0,0.0,1.84,0.0,9.66,5.0,1.67,3.22,0,0,0
1227360,2015,Greenbriar,Florida,2385.0,0.0,310.23,20.18,1326.0,55319.0,147300.0,29.2,83.02,1.89,13.25,0.0,0.0,0.0,1.84,0.0,2.33,1.0,0.32,0.75,0,0,0
1227360,2016,Greenbriar,Florida,2385.0,0.0,319.56,20.18,1326.0,55319.0,147300.0,29.2,83.02,1.89,13.25,0.0,0.0,0.0,1.84,0.0,4.67,1.67,0.52,1.46,0,0,0
1228175,2000,Gulfport,Florida,12527.0,13.26,1876.74,28.67,551.0,28809.0,66800.0,27.2,87.15,6.87,3.47,0.38,0.52,0.06,1.41,0.14,147.74,46.0,2.45,7.87,0,0,0
1228175,2001,Gulfport,Florida,12527.0,13.26,1900.63,28.67,551.0,28809.0,66800.0,27.2,87.15,6.87,3.47,0.38,0.52,0.06,1.41,0.14,139.37,56.0,2.95,7.33,0,0,0
1228175,2002,Gulfport,Florida,12527.0,13.26,1920.89,28.67,551.0,28809.0,66800.0,27.2,87.15,6.87,3.47,0.38,0.52,0.06,1.41,0.14,119.22,47.11,2.45,6.21,0,0,0
1228175,2003,Gulfport,Florida,12527.0,13.26,1943.78,28.67,551.0,28809.0,66800.0,27.2,87.15,6.87,3.47,0.38,0.52,0.06,1.41,0.14,136.74,65.37,3.36,7.03,0,0,0
1228175,2004,Gulfport,Florida,12527.0,13.26,1965.04,28.67,551.0,28809.0,66800.0,27.2,87.15,6.87,3.47,0.38,0.52,0.06,1.41,0.14,135.22,49.37,2.51,6.88,0,0,0
1228175,2005,Gulfport,Florida,12378.0,8.35,1991.93,28.87,876.0,42459.0,184800.0,30.7,81.72,9.43,4.23,0.27,1.24,0.0,3.05,0.07,98.11,58.0,2.91,4.93,0,0,0
1228175,2006,Gulfport,Florida,12378.0,8.35,2010.19,28.87,876.0,42459.0,184800.0,30.7,81.72,9.43,4.23,0.27,1.24,0.0,3.05,0.07,87.0,56.0,2.79,4.33,0,0,0
1228175,2007,Gulfport,Florida,12378.0,8.35,2034.07,28.87,876.0,42459.0,184800.0,30.7,81.72,9.43,4.23,0.27,1.24,0.0,3.05,0.07,84.48,63.74,3.13,4.15,0,0,0
1228175,2008,Gulfport,Florida,12378.0,8.35,2053.33,28.87,876.0,42459.0,184800.0,30.7,81.72,9.43,4.23,0.27,1.24,0.0,3.05,0.07,78.48,56.11,2.73,3.82,0,0,0
1228175,2009,Gulfport,Florida,12378.0,8.35,2077.22,28.87,876.0,42459.0,184800.0,30.7,81.72,9.43,4.23,0.27,1.24,0.0,3.05,0.07,81.37,47.37,2.28,3.92,0,0,0
1228175,2010,Gulfport,Florida,12029.0,8.42,2097.48,33.74,916.0,41304.0,160500.0,36.6,82.54,9.03,4.93,0.38,1.21,0.1,1.6,0.21,78.74,42.37,2.02,3.75,0,0,0
1228175,2011,Gulfport,Florida,12167.0,10.28,2158.07,34.13,874.0,40273.0,145200.0,37.6,79.81,8.04,7.87,0.29,3.16,0.0,0.67,0.16,73.11,47.0,2.18,3.39,0,0,0
1228175,2012,Gulfport,Florida,12167.0,10.28,2216.3,34.13,874.0,40273.0,145200.0,37.6,79.81,8.04,7.87,0.29,3.16,0.0,0.67,0.16,81.48,55.74,2.52,3.68,0,0,0
1228175,2013,Gulfport,Florida,12167.0,10.28,2283.89,34.13,874.0,40273.0,145200.0,37.6,79.81,8.04,7.87,0.29,3.16,0.0,0.67,0.16,75.74,54.37,2.38,3.32,0,0,0
1228175,2014,Gulfport,Florida,12167.0,10.28,2341.48,34.13,874.0,40273.0,145200.0,37.6,79.81,8.04,7.87,0.29,3.16,0.0,0.67,0.16,78.11,46.37,1.98,3.34,0,0,0
1228175,2015,Gulfport,Florida,12167.0,10.28,2400.7,34.13,874.0,40273.0,145200.0,37.6,79.81,8.04,7.87,0.29,3.16,0.0,0.67,0.16,81.37,48.37,2.01,3.39,0,0,0
1228175,2016,Gulfport,Florida,12167.0,10.28,2460.3,34.13,874.0,40273.0,145200.0,37.6,79.81,8.04,7.87,0.29,3.16,0.0,0.67,0.16,63.0,35.0,1.42,2.56,0,0,0
1228650,2000,Harbor Bluffs,Florida,2807.0,5.7,137.06,5.65,1000.0,61397.0,157200.0,13.7,95.72,0.07,1.96,0.04,1.5,0.0,0.68,0.04,4.77,1.78,1.3,3.48,0,0,0
1228650,2001,Harbor Bluffs,Florida,2807.0,5.7,141.09,5.65,1000.0,61397.0,157200.0,13.7,95.72,0.07,1.96,0.04,1.5,0.0,0.68,0.04,2.9,0.0,0.0,2.05,0,0,0
1228650,2002,Harbor Bluffs,Florida,2807.0,5.7,144.28,5.65,1000.0,61397.0,157200.0,13.7,95.72,0.07,1.96,0.04,1.5,0.0,0.68,0.04,4.34,1.63,1.13,3.01,0,0,0
1228650,2003,Harbor Bluffs,Florida,2807.0,5.7,148.32,5.65,1000.0,61397.0,157200.0,13.7,95.72,0.07,1.96,0.04,1.5,0.0,0.68,0.04,2.93,2.0,1.35,1.98,0,0,0
1228650,2004,Harbor Bluffs,Florida,2807.0,5.7,152.17,5.65,1000.0,61397.0,157200.0,13.7,95.72,0.07,1.96,0.04,1.5,0.0,0.68,0.04,7.3,4.45,2.92,4.8,0,0,0
1228650,2005,Harbor Bluffs,Florida,2589.0,1.9,156.2,5.31,1493.0,82841.0,424800.0,28.2,96.76,0.54,0.35,0.46,0.0,0.0,1.89,0.0,6.04,1.3,0.83,3.87,0,0,0
1228650,2006,Harbor Bluffs,Florida,2589.0,1.9,159.39,5.31,1493.0,82841.0,424800.0,28.2,96.76,0.54,0.35,0.46,0.0,0.0,1.89,0.0,7.63,6.33,3.97,4.79,0,0,0
1228650,2007,Harbor Bluffs,Florida,2589.0,1.9,163.42,5.31,1493.0,82841.0,424800.0,28.2,96.76,0.54,0.35,0.46,0.0,0.0,1.89,0.0,5.27,2.19,1.34,3.23,0,0,0
1228650,2008,Harbor Bluffs,Florida,2589.0,1.9,167.27,5.31,1493.0,82841.0,424800.0,28.2,96.76,0.54,0.35,0.46,0.0,0.0,1.89,0.0,5.56,1.11,0.67,3.33,0,0,0
1228650,2009,Harbor Bluffs,Florida,2589.0,1.9,170.64,5.31,1493.0,82841.0,424800.0,28.2,96.76,0.54,0.35,0.46,0.0,0.0,1.89,0.0,6.75,4.59,2.69,3.95,0,0,0
1228650,2010,Harbor Bluffs,Florida,2860.0,2.45,174.49,10.84,1185.0,79612.0,365700.0,38.4,93.57,0.49,3.04,0.0,1.57,0.1,1.12,0.1,4.26,4.08,2.34,2.44,0,0,0
1228650,2011,Harbor Bluffs,Florida,2786.0,5.15,181.86,5.4,1764.0,85234.0,305600.0,36.1,97.2,0.0,2.8,0.0,0.0,0.0,0.0,0.0,3.47,2.91,1.6,1.91,0,0,0
1228650,2012,Harbor Bluffs,Florida,2786.0,5.15,189.42,5.4,1764.0,85234.0,305600.0,36.1,97.2,0.0,2.8,0.0,0.0,0.0,0.0,0.0,5.33,4.12,2.17,2.82,0,0,0
1228650,2013,Harbor Bluffs,Florida,2786.0,5.15,196.79,5.4,1764.0,85234.0,305600.0,36.1,97.2,0.0,2.8,0.0,0.0,0.0,0.0,0.0,6.23,4.07,2.07,3.16,0,0,0
1228650,2014,Harbor Bluffs,Florida,2786.0,5.15,202.61,5.4,1764.0,85234.0,305600.0,36.1,97.2,0.0,2.8,0.0,0.0,0.0,0.0,0.0,9.29,4.59,2.27,4.58,0,0,0
1228650,2015,Harbor Bluffs,Florida,2786.0,5.15,210.16,5.4,1764.0,85234.0,305600.0,36.1,97.2,0.0,2.8,0.0,0.0,0.0,0.0,0.0,3.93,3.37,1.6,1.87,0,0,0
1228650,2016,Harbor Bluffs,Florida,2786.0,5.15,217.53,5.4,1764.0,85234.0,305600.0,36.1,97.2,0.0,2.8,0.0,0.0,0.0,0.0,0.0,4.41,1.03,0.47,2.03,0,0,0
1233625,2000,Indian Rocks Beach,Florida,5072.0,4.69,894.0,33.11,799.0,53770.0,168000.0,24.9,94.52,0.3,3.17,0.14,0.61,0.02,1.24,0.0,35.0,9.0,1.01,3.91,0,0,0
1233625,2001,Indian Rocks Beach,Florida,5072.0,4.69,889.0,33.11,799.0,53770.0,168000.0,24.9,94.52,0.3,3.17,0.14,0.61,0.02,1.24,0.0,51.0,20.0,2.25,5.74,0,0,0
1233625,2002,Indian Rocks Beach,Florida,5072.0,4.69,885.0,33.11,799.0,53770.0,168000.0,24.9,94.52,0.3,3.17,0.14,0.61,0.02,1.24,0.0,51.0,15.0,1.69,5.76,0,0,0
1233625,2003,Indian Rocks Beach,Florida,5072.0,4.69,878.0,33.11,799.0,53770.0,168000.0,24.9,94.52,0.3,3.17,0.14,0.61,0.02,1.24,0.0,29.0,11.0,1.25,3.3,0,0,0
1233625,2004,Indian Rocks Beach,Florida,5072.0,4.69,874.0,33.11,799.0,53770.0,168000.0,24.9,94.52,0.3,3.17,0.14,0.61,0.02,1.24,0.0,42.0,10.0,1.14,4.81,0,0,0
1233625,2005,Indian Rocks Beach,Florida,5154.0,1.0,869.0,23.69,1059.0,56812.0,569800.0,27.4,93.81,0.68,4.46,0.33,0.72,0.0,0.0,0.0,42.0,23.0,2.65,4.83,0,0,0
1233625,2006,Indian Rocks Beach,Florida,5154.0,1.0,862.0,23.69,1059.0,56812.0,569800.0,27.4,93.81,0.68,4.46,0.33,0.72,0.0,0.0,0.0,32.0,14.0,1.62,3.71,0,0,0
1233625,2007,Indian Rocks Beach,Florida,5154.0,1.0,858.0,23.69,1059.0,56812.0,569800.0,27.4,93.81,0.68,4.46,0.33,0.72,0.0,0.0,0.0,23.0,19.0,2.21,2.68,0,0,0
1233625,2008,Indian Rocks Beach,Florida,5154.0,1.0,851.0,23.69,1059.0,56812.0,569800.0,27.4,93.81,0.68,4.46,0.33,0.72,0.0,0.0,0.0,27.0,20.0,2.35,3.17,0,0,0
1233625,2009,Indian Rocks Beach,Florida,5154.0,1.0,847.0,23.69,1059.0,56812.0,569800.0,27.4,93.81,0.68,4.46,0.33,0.72,0.0,0.0,0.0,33.0,20.0,2.36,3.9,0,0,0
1233625,2010,Indian Rocks Beach,Florida,4113.0,2.58,842.0,38.47,1072.0,61821.0,410000.0,25.0,91.68,0.97,5.11,0.17,0.66,0.0,1.26,0.15,29.0,18.0,2.14,3.44,0,0,0
1233625,2011,Indian Rocks Beach,Florida,4172.0,3.23,866.0,38.7,1225.0,61346.0,386900.0,28.4,92.71,0.34,3.86,0.0,0.93,0.0,1.53,0.62,25.0,12.0,1.39,2.89,0,0,0
1233625,2012,Indian Rocks Beach,Florida,4172.0,3.23,890.0,38.7,1225.0,61346.0,386900.0,28.4,92.71,0.34,3.86,0.0,0.93,0.0,1.53,0.62,17.0,9.0,1.01,1.91,0,0,0
1233625,2013,Indian Rocks Beach,Florida,4172.0,3.23,916.0,38.7,1225.0,61346.0,386900.0,28.4,92.71,0.34,3.86,0.0,0.93,0.0,1.53,0.62,23.0,11.0,1.2,2.51,0,0,0
1233625,2014,Indian Rocks Beach,Florida,4172.0,3.23,940.0,38.7,1225.0,61346.0,386900.0,28.4,92.71,0.34,3.86,0.0,0.93,0.0,1.53,0.62,23.0,7.0,0.74,2.45,0,0,0
1233625,2015,Indian Rocks Beach,Florida,4172.0,3.23,964.0,38.7,1225.0,61346.0,386900.0,28.4,92.71,0.34,3.86,0.0,0.93,0.0,1.53,0.62,28.0,16.0,1.66,2.9,0,0,0
1233625,2016,Indian Rocks Beach,Florida,4172.0,3.23,988.0,38.7,1225.0,61346.0,386900.0,28.4,92.71,0.34,3.86,0.0,0.93,0.0,1.53,0.62,18.0,7.0,0.71,1.82,0,0,0
1233675,2000,Indian Shores,Florida,1705.0,6.85,386.0,39.03,695.0,45000.0,179800.0,27.6,95.07,0.23,3.46,0.06,0.41,0.06,0.7,0.0,5.0,0.0,0.0,1.3,0,0,0
1233675,2001,Indian Shores,Florida,1705.0,6.85,368.0,39.03,695.0,45000.0,179800.0,27.6,95.07,0.23,3.46,0.06,0.41,0.06,0.7,0.0,9.0,3.0,0.82,2.45,0,0,0
1233675,2002,Indian Shores,Florida,1705.0,6.85,348.0,39.03,695.0,45000.0,179800.0,27.6,95.07,0.23,3.46,0.06,0.41,0.06,0.7,0.0,7.0,1.0,0.29,2.01,0,0,0
1233675,2003,Indian Shores,Florida,1705.0,6.85,331.0,39.03,695.0,45000.0,179800.0,27.6,95.07,0.23,3.46,0.06,0.41,0.06,0.7,0.0,17.0,6.0,1.81,5.14,0,0,0
1233675,2004,Indian Shores,Florida,1705.0,6.85,311.0,39.03,695.0,45000.0,179800.0,27.6,95.07,0.23,3.46,0.06,0.41,0.06,0.7,0.0,17.0,5.0,1.61,5.47,0,0,0
1233675,2005,Indian Shores,Florida,1329.0,1.66,293.0,13.24,1245.0,76771.0,473800.0,33.3,93.75,0.0,5.79,0.0,0.0,0.0,0.45,0.0,7.0,4.0,1.37,2.39,0,0,0
1233675,2006,Indian Shores,Florida,1329.0,1.66,275.0,13.24,1245.0,76771.0,473800.0,33.3,93.75,0.0,5.79,0.0,0.0,0.0,0.45,0.0,9.0,8.0,2.91,3.27,0,0,0
1233675,2007,Indian Shores,Florida,1329.0,1.66,255.0,13.24,1245.0,76771.0,473800.0,33.3,93.75,0.0,5.79,0.0,0.0,0.0,0.45,0.0,1.0,1.0,0.39,0.39,0,0,0
1233675,2008,Indian Shores,Florida,1329.0,1.66,238.0,13.24,1245.0,76771.0,473800.0,33.3,93.75,0.0,5.79,0.0,0.0,0.0,0.45,0.0,5.0,2.0,0.84,2.1,0,0,0
1233675,2009,Indian Shores,Florida,1329.0,1.66,218.0,13.24,1245.0,76771.0,473800.0,33.3,93.75,0.0,5.79,0.0,0.0,0.0,0.45,0.0,1.0,0.0,0.0,0.46,0,0,0
1233675,2010,Indian Shores,Florida,1420.0,6.18,200.0,24.69,1258.0,66304.0,317300.0,28.3,91.69,0.42,5.99,0.0,1.2,0.14,0.35,0.21,4.0,3.0,1.5,2.0,0,0,0
1233675,2011,Indian Shores,Florida,1469.0,8.52,207.0,26.69,1195.0,54115.0,278100.0,27.6,96.87,0.0,1.7,0.0,1.43,0.0,0.0,0.0,4.0,3.0,1.45,1.93,0,0,0
1233675,2012,Indian Shores,Florida,1469.0,8.52,214.0,26.69,1195.0,54115.0,278100.0,27.6,96.87,0.0,1.7,0.0,1.43,0.0,0.0,0.0,4.0,3.0,1.4,1.87,0,0,0
1233675,2013,Indian Shores,Florida,1469.0,8.52,221.0,26.69,1195.0,54115.0,278100.0,27.6,96.87,0.0,1.7,0.0,1.43,0.0,0.0,0.0,5.0,3.0,1.36,2.26,0,0,0
1233675,2014,Indian Shores,Florida,1469.0,8.52,227.0,26.69,1195.0,54115.0,278100.0,27.6,96.87,0.0,1.7,0.0,1.43,0.0,0.0,0.0,3.0,1.0,0.44,1.32,0,0,0
1233675,2015,Indian Shores,Florida,1469.0,8.52,234.0,26.69,1195.0,54115.0,278100.0,27.6,96.87,0.0,1.7,0.0,1.43,0.0,0.0,0.0,4.0,2.0,0.85,1.71,0,0,0
1233675,2016,Indian Shores,Florida,1469.0,8.52,241.0,26.69,1195.0,54115.0,278100.0,27.6,96.87,0.0,1.7,0.0,1.43,0.0,0.0,0.0,9.0,3.0,1.24,3.73,0,0,0
1236175,2000,Kenneth City,Florida,4400.0,9.42,498.44,21.82,571.0,33962.0,78400.0,22.2,84.55,3.27,5.66,0.16,4.84,0.0,1.32,0.2,49.14,17.92,3.6,9.86,0,0,0
1236175,2001,Kenneth City,Florida,4400.0,9.42,505.08,21.82,571.0,33962.0,78400.0,22.2,84.55,3.27,5.66,0.16,4.84,0.0,1.32,0.2,41.46,17.53,3.47,8.21,0,0,0
1236175,2002,Kenneth City,Florida,4400.0,9.42,510.41,21.82,571.0,33962.0,78400.0,22.2,84.55,3.27,5.66,0.16,4.84,0.0,1.32,0.2,49.72,20.88,4.09,9.74,0,0,0
1236175,2003,Kenneth City,Florida,4400.0,9.42,516.89,21.82,571.0,33962.0,78400.0,22.2,84.55,3.27,5.66,0.16,4.84,0.0,1.32,0.2,35.82,13.29,2.57,6.93,0,0,0
1236175,2004,Kenneth City,Florida,4400.0,9.42,522.22,21.82,571.0,33962.0,78400.0,22.2,84.55,3.27,5.66,0.16,4.84,0.0,1.32,0.2,45.95,19.91,3.81,8.8,0,0,0
1236175,2005,Kenneth City,Florida,4328.0,4.56,528.86,16.39,740.0,40359.0,165200.0,37.3,81.03,2.2,6.79,0.39,8.46,0.0,1.13,0.0,46.02,29.21,5.52,8.7,0,0,0
1236175,2006,Kenneth City,Florida,4328.0,4.56,535.5,16.39,740.0,40359.0,165200.0,37.3,81.03,2.2,6.79,0.39,8.46,0.0,1.13,0.0,45.96,33.52,6.26,8.58,0,0,0
1236175,2007,Kenneth City,Florida,4328.0,4.56,540.83,16.39,740.0,40359.0,165200.0,37.3,81.03,2.2,6.79,0.39,8.46,0.0,1.13,0.0,51.57,32.46,6.0,9.53,0,0,0
1236175,2008,Kenneth City,Florida,4328.0,4.56,547.3,16.39,740.0,40359.0,165200.0,37.3,81.03,2.2,6.79,0.39,8.46,0.0,1.13,0.0,51.06,35.82,6.54,9.33,0,0,0
1236175,2009,Kenneth City,Florida,4328.0,4.56,552.63,16.39,740.0,40359.0,165200.0,37.3,81.03,2.2,6.79,0.39,8.46,0.0,1.13,0.0,50.55,33.72,6.1,9.15,0,0,0
1236175,2010,Kenneth City,Florida,4980.0,11.53,559.27,27.5,831.0,34324.0,119900.0,37.4,73.05,5.82,12.31,0.16,6.2,0.42,1.71,0.32,47.68,32.42,5.8,8.53,0,0,0
1236175,2011,Kenneth City,Florida,5013.0,10.09,577.87,27.38,885.0,36403.0,95400.0,33.6,65.49,5.49,11.87,0.5,15.32,0.0,1.34,0.0,42.93,30.98,5.36,7.43,0,0,0
1236175,2012,Kenneth City,Florida,5013.0,10.09,595.01,27.38,885.0,36403.0,95400.0,33.6,65.49,5.49,11.87,0.5,15.32,0.0,1.34,0.0,54.31,33.89,5.7,9.13,0,0,0
1236175,2013,Kenneth City,Florida,5013.0,10.09,614.47,27.38,885.0,36403.0,95400.0,33.6,65.49,5.49,11.87,0.5,15.32,0.0,1.34,0.0,70.3,39.36,6.41,11.44,0,0,0
1236175,2014,Kenneth City,Florida,5013.0,10.09,631.61,27.38,885.0,36403.0,95400.0,33.6,65.49,5.49,11.87,0.5,15.32,0.0,1.34,0.0,72.82,32.68,5.17,11.53,0,0,0
1236175,2015,Kenneth City,Florida,5013.0,10.09,650.21,27.38,885.0,36403.0,95400.0,33.6,65.49,5.49,11.87,0.5,15.32,0.0,1.34,0.0,98.27,48.6,7.47,15.11,0,0,0
1236175,2016,Kenneth City,Florida,5013.0,10.09,667.35,27.38,885.0,36403.0,95400.0,33.6,65.49,5.49,11.87,0.5,15.32,0.0,1.34,0.0,84.63,33.46,5.01,12.68,0,0,0
1239425,2000,Largo,Florida,69371.0,9.1,12243.18,32.64,625.0,32217.0,88800.0,26.7,89.89,2.6,4.18,0.29,1.67,0.08,1.15,0.12,957.2,330.92,2.7,7.82,0,0,0
1239425,2001,Largo,Florida,69371.0,9.1,12442.89,32.64,625.0,32217.0,88800.0,26.7,89.89,2.6,4.18,0.29,1.67,0.08,1.15,0.12,903.83,322.24,2.59,7.26,0,0,0
1239425,2002,Largo,Florida,69371.0,9.1,12642.82,32.64,625.0,32217.0,88800.0,26.7,89.89,2.6,4.18,0.29,1.67,0.08,1.15,0.12,1209.49,464.91,3.68,9.57,0,0,0
1239425,2003,Largo,Florida,69371.0,9.1,12843.62,32.64,625.0,32217.0,88800.0,26.7,89.89,2.6,4.18,0.29,1.67,0.08,1.15,0.12,1270.76,560.47,4.36,9.89,0,0,0
1239425,2004,Largo,Florida,69371.0,9.1,13041.78,32.64,625.0,32217.0,88800.0,26.7,89.89,2.6,4.18,0.29,1.67,0.08,1.15,0.12,1374.29,531.88,4.08,10.54,0,0,0
1239425,2005,Largo,Florida,73966.0,8.85,13249.63,37.96,860.0,38909.0,129000.0,31.6,83.58,5.68,7.33,0.27,1.77,0.16,1.06,0.15,1130.52,687.0,5.19,8.53,0,0,0
1239425,2006,Largo,Florida,73966.0,8.85,13437.28,37.96,860.0,38909.0,129000.0,31.6,83.58,5.68,7.33,0.27,1.77,0.16,1.06,0.15,1053.32,693.13,5.16,7.84,0,0,0
1239425,2007,Largo,Florida,73966.0,8.85,13636.36,37.96,860.0,38909.0,129000.0,31.6,83.58,5.68,7.33,0.27,1.77,0.16,1.06,0.15,985.11,641.38,4.7,7.22,0,0,0
1239425,2008,Largo,Florida,73966.0,8.85,13835.92,37.96,860.0,38909.0,129000.0,31.6,83.58,5.68,7.33,0.27,1.77,0.16,1.06,0.15,1009.53,633.47,4.58,7.3,0,0,0
1239425,2009,Largo,Florida,73966.0,8.85,14038.04,37.96,860.0,38909.0,129000.0,31.6,83.58,5.68,7.33,0.27,1.77,0.16,1.06,0.15,1007.64,590.03,4.2,7.18,0,0,0
1239425,2010,Largo,Florida,77648.0,8.15,14235.14,38.62,918.0,40634.0,101600.0,31.4,80.75,5.26,8.99,0.24,2.63,0.15,1.77,0.2,843.91,575.79,4.04,5.93,0,0,0
1239425,2011,Largo,Florida,79737.0,11.32,14649.87,45.25,903.0,39468.0,92300.0,32.4,75.82,6.22,12.16,0.18,2.41,0.06,2.99,0.16,983.1,670.41,4.58,6.71,0,0,0
1239425,2012,Largo,Florida,79737.0,11.32,15056.3,45.25,903.0,39468.0,92300.0,32.4,75.82,6.22,12.16,0.18,2.41,0.06,2.99,0.16,1137.83,728.03,4.84,7.56,0,0,0
1239425,2013,Largo,Florida,79737.0,11.32,15476.34,45.25,903.0,39468.0,92300.0,32.4,75.82,6.22,12.16,0.18,2.41,0.06,2.99,0.16,1175.17,741.33,4.79,7.59,0,0,0
1239425,2014,Largo,Florida,79737.0,11.32,15868.88,45.25,903.0,39468.0,92300.0,32.4,75.82,6.22,12.16,0.18,2.41,0.06,2.99,0.16,1151.65,605.62,3.82,7.26,0,0,0
1239425,2015,Largo,Florida,79737.0,11.32,16288.14,45.25,903.0,39468.0,92300.0,32.4,75.82,6.22,12.16,0.18,2.41,0.06,2.99,0.16,1073.5,554.06,3.4,6.59,0,0,0
1239425,2016,Largo,Florida,79737.0,11.32,16690.04,45.25,903.0,39468.0,92300.0,32.4,75.82,6.22,12.16,0.18,2.41,0.06,2.99,0.16,972.71,448.08,2.68,5.83,0,0,0
1239775,2000,Lealman,Florida,,,2822.86,,,,,,,,,,,,,,392.62,151.6,5.37,13.91,0,0,0
1239775,2001,Lealman,Florida,,,2893.18,,,,,,,,,,,,,,427.34,164.53,5.69,14.77,0,0,0
1239775,2002,Lealman,Florida,,,2959.22,,,,,,,,,,,,,,416.25,158.71,5.36,14.07,0,0,0
1239775,2003,Lealman,Florida,,,3029.57,,,,,,,,,,,,,,413.32,186.61,6.16,13.64,0,0,0
1239775,2004,Lealman,Florida,,,3097.61,,,,,,,,,,,,,,474.98,191.55,6.18,15.33,0,0,0
1239775,2005,Lealman,Florida,,,3168.93,,,,,,,,,,,,,,393.59,240.89,7.6,12.42,0,0,0
1239775,2006,Lealman,Florida,,,3234.26,,,,,,,,,,,,,,326.6,226.6,7.01,10.1,0,0,0
1239775,2007,Lealman,Florida,,,3304.29,,,,,,,,,,,,,,328.4,212.92,6.44,9.94,0,0,0
1239775,2008,Lealman,Florida,,,3372.65,,,,,,,,,,,,,,312.88,200.73,5.95,9.28,0,0,0
1239775,2009,Lealman,Florida,,,3440.68,,,,,,,,,,,,,,320.8,179.28,5.21,9.32,0,0,0
1239775,2010,Lealman,Florida,19879.0,18.63,3509.01,37.45,804.0,31492.0,79400.0,35.8,72.89,8.01,9.54,0.36,6.88,0.07,2.07,0.18,230.19,153.32,4.37,6.56,0,0,0
1239775,2011,Lealman,Florida,20783.0,24.84,3602.04,41.2,824.0,30304.0,65800.0,35.6,69.39,11.39,8.36,0.18,6.81,0.0,3.57,0.31,243.39,158.32,4.4,6.76,0,0,0
1239775,2012,Lealman,Florida,20783.0,24.84,3692.2,41.2,824.0,30304.0,65800.0,35.6,69.39,11.39,8.36,0.18,6.81,0.0,3.57,0.31,298.13,173.18,4.69,8.07,0,0,0
1239775,2013,Lealman,Florida,20783.0,24.84,3788.22,41.2,824.0,30304.0,65800.0,35.6,69.39,11.39,8.36,0.18,6.81,0.0,3.57,0.31,364.34,220.34,5.82,9.62,0,0,0
1239775,2014,Lealman,Florida,20783.0,24.84,3876.29,41.2,824.0,30304.0,65800.0,35.6,69.39,11.39,8.36,0.18,6.81,0.0,3.57,0.31,424.87,217.27,5.61,10.96,0,0,0
1239775,2015,Lealman,Florida,20783.0,24.84,3969.14,41.2,824.0,30304.0,65800.0,35.6,69.39,11.39,8.36,0.18,6.81,0.0,3.57,0.31,477.05,250.23,6.3,12.02,0,0,0
1239775,2016,Lealman,Florida,20783.0,24.84,4059.47,41.2,824.0,30304.0,65800.0,35.6,69.39,11.39,8.36,0.18,6.81,0.0,3.57,0.31,496.26,248.64,6.12,12.22,0,0,0
1242400,2000,Madeira Beach,Florida,4511.0,9.79,1083.15,42.48,555.0,36671.0,171000.0,26.8,95.43,0.22,2.37,0.29,0.55,0.02,0.95,0.16,60.2,16.1,1.49,5.56,0,0,0
1242400,2001,Madeira Beach,Florida,4511.0,9.79,1068.95,42.48,555.0,36671.0,171000.0,26.8,95.43,0.22,2.37,0.29,0.55,0.02,0.95,0.16,58.3,19.1,1.79,5.45,0,0,0
1242400,2002,Madeira Beach,Florida,4511.0,9.79,1052.75,42.48,555.0,36671.0,171000.0,26.8,95.43,0.22,2.37,0.29,0.55,0.02,0.95,0.16,68.0,25.0,2.37,6.46,0,0,0
1242400,2003,Madeira Beach,Florida,4511.0,9.79,1038.55,42.48,555.0,36671.0,171000.0,26.8,95.43,0.22,2.37,0.29,0.55,0.02,0.95,0.16,66.3,29.2,2.81,6.38,0,0,0
1242400,2004,Madeira Beach,Florida,4511.0,9.79,1023.35,42.48,555.0,36671.0,171000.0,26.8,95.43,0.22,2.37,0.29,0.55,0.02,0.95,0.16,75.3,33.2,3.24,7.36,0,0,0
1242400,2005,Madeira Beach,Florida,4353.0,5.61,1009.15,30.94,804.0,48750.0,384200.0,30.9,96.07,0.99,2.3,0.64,0.0,0.0,0.0,0.0,56.4,31.3,3.1,5.59,0,0,0
1242400,2006,Madeira Beach,Florida,4353.0,5.61,991.85,30.94,804.0,48750.0,384200.0,30.9,96.07,0.99,2.3,0.64,0.0,0.0,0.0,0.0,44.0,21.0,2.12,4.44,0,0,0
1242400,2007,Madeira Beach,Florida,4353.0,5.61,977.65,30.94,804.0,48750.0,384200.0,30.9,96.07,0.99,2.3,0.64,0.0,0.0,0.0,0.0,55.1,29.1,2.98,5.64,0,0,0
1242400,2008,Madeira Beach,Florida,4353.0,5.61,962.45,30.94,804.0,48750.0,384200.0,30.9,96.07,0.99,2.3,0.64,0.0,0.0,0.0,0.0,50.2,32.1,3.34,5.22,0,0,0
1242400,2009,Madeira Beach,Florida,4353.0,5.61,947.26,30.94,804.0,48750.0,384200.0,30.9,96.07,0.99,2.3,0.64,0.0,0.0,0.0,0.0,53.2,32.2,3.4,5.62,0,0,0
1242400,2010,Madeira Beach,Florida,4263.0,6.4,932.06,40.62,877.0,51596.0,342800.0,30.9,92.05,0.87,4.34,0.4,1.03,0.02,1.24,0.05,47.2,29.2,3.13,5.06,0,0,0
1242400,2011,Madeira Beach,Florida,4320.0,7.88,961.36,35.89,904.0,51307.0,345400.0,33.9,88.15,0.65,8.52,0.28,0.65,0.19,1.57,0.0,64.1,43.0,4.47,6.67,0,0,0
1242400,2012,Madeira Beach,Florida,4320.0,7.88,990.65,35.89,904.0,51307.0,345400.0,33.9,88.15,0.65,8.52,0.28,0.65,0.19,1.57,0.0,30.3,19.2,1.94,3.06,0,0,0
1242400,2013,Madeira Beach,Florida,4320.0,7.88,1020.05,35.89,904.0,51307.0,345400.0,33.9,88.15,0.65,8.52,0.28,0.65,0.19,1.57,0.0,32.0,19.0,1.86,3.14,0,0,0
1242400,2014,Madeira Beach,Florida,4320.0,7.88,1046.35,35.89,904.0,51307.0,345400.0,33.9,88.15,0.65,8.52,0.28,0.65,0.19,1.57,0.0,46.1,24.1,2.3,4.41,0,0,0
1242400,2015,Madeira Beach,Florida,4320.0,7.88,1076.65,35.89,904.0,51307.0,345400.0,33.9,88.15,0.65,8.52,0.28,0.65,0.19,1.57,0.0,53.4,26.2,2.43,4.96,0,0,0
1242400,2016,Madeira Beach,Florida,4320.0,7.88,1104.95,35.89,904.0,51307.0,345400.0,33.9,88.15,0.65,8.52,0.28,0.65,0.19,1.57,0.0,48.0,24.0,2.17,4.34,0,0,0
1249725,2000,North Redington Beach,Florida,1474.0,4.16,277.41,44.9,793.0,46196.0,316700.0,25.8,94.37,0.14,3.05,0.27,0.95,0.2,1.02,0.0,2.23,0.49,0.18,0.8,0,0,0
1249725,2001,North Redington Beach,Florida,1474.0,4.16,277.01,44.9,793.0,46196.0,316700.0,25.8,94.37,0.14,3.05,0.27,0.95,0.2,1.02,0.0,6.45,1.85,0.67,2.33,0,0,0
1249725,2002,North Redington Beach,Florida,1474.0,4.16,276.61,44.9,793.0,46196.0,316700.0,25.8,94.37,0.14,3.05,0.27,0.95,0.2,1.02,0.0,5.69,1.23,0.45,2.06,0,0,0
1249725,2003,North Redington Beach,Florida,1474.0,4.16,276.36,44.9,793.0,46196.0,316700.0,25.8,94.37,0.14,3.05,0.27,0.95,0.2,1.02,0.0,5.58,2.33,0.84,2.02,0,0,0
1249725,2004,North Redington Beach,Florida,1474.0,4.16,275.96,44.9,793.0,46196.0,316700.0,25.8,94.37,0.14,3.05,0.27,0.95,0.2,1.02,0.0,8.37,1.81,0.66,3.03,0,0,0
1249725,2005,North Redington Beach,Florida,1318.0,4.71,275.56,37.35,1084.0,44063.0,561100.0,41.0,90.74,0.0,4.48,0.0,1.14,0.0,3.19,0.46,3.04,2.43,0.88,1.1,0,0,0
1249725,2006,North Redington Beach,Florida,1318.0,4.71,274.55,37.35,1084.0,44063.0,561100.0,41.0,90.74,0.0,4.48,0.0,1.14,0.0,3.19,0.46,5.11,3.43,1.25,1.86,0,0,0
1249725,2007,North Redington Beach,Florida,1318.0,4.71,274.15,37.35,1084.0,44063.0,561100.0,41.0,90.74,0.0,4.48,0.0,1.14,0.0,3.19,0.46,7.91,5.9,2.15,2.89,0,0,0
1249725,2008,North Redington Beach,Florida,1318.0,4.71,273.9,37.35,1084.0,44063.0,561100.0,41.0,90.74,0.0,4.48,0.0,1.14,0.0,3.19,0.46,7.26,5.42,1.98,2.65,0,0,0
1249725,2009,North Redington Beach,Florida,1318.0,4.71,273.5,37.35,1084.0,44063.0,561100.0,41.0,90.74,0.0,4.48,0.0,1.14,0.0,3.19,0.46,7.5,5.76,2.1,2.74,0,0,0
1249725,2010,North Redington Beach,Florida,1417.0,2.44,273.1,43.36,1184.0,69688.0,537500.0,39.6,94.92,0.35,3.03,0.14,0.85,0.0,0.56,0.14,4.83,3.24,1.19,1.77,0,0,0
1249725,2011,North Redington Beach,Florida,1484.0,2.9,280.95,43.59,1191.0,63315.0,545000.0,37.3,94.47,0.27,3.03,0.0,1.21,0.0,1.01,0.0,5.1,4.49,1.6,1.82,0,0,0
1249725,2012,North Redington Beach,Florida,1484.0,2.9,289.14,43.59,1191.0,63315.0,545000.0,37.3,94.47,0.27,3.03,0.0,1.21,0.0,1.01,0.0,3.26,0.78,0.27,1.13,0,0,0
1249725,2013,North Redington Beach,Florida,1484.0,2.9,297.61,43.59,1191.0,63315.0,545000.0,37.3,94.47,0.27,3.03,0.0,1.21,0.0,1.01,0.0,2.11,0.44,0.15,0.71,0,0,0
1249725,2014,North Redington Beach,Florida,1484.0,2.9,305.31,43.59,1191.0,63315.0,545000.0,37.3,94.47,0.27,3.03,0.0,1.21,0.0,1.01,0.0,7.51,3.36,1.1,2.46,0,0,0
1249725,2015,North Redington Beach,Florida,1484.0,2.9,313.65,43.59,1191.0,63315.0,545000.0,37.3,94.47,0.27,3.03,0.0,1.21,0.0,1.01,0.0,2.63,0.76,0.24,0.84,0,0,0
1249725,2016,North Redington Beach,Florida,1484.0,2.9,321.36,43.59,1191.0,63315.0,545000.0,37.3,94.47,0.27,3.03,0.0,1.21,0.0,1.01,0.0,2.46,2.16,0.67,0.77,0,0,0
1251350,2000,Oldsmar,Florida,11910.0,4.84,980.66,22.4,787.0,50354.0,103600.0,23.2,85.73,2.84,6.67,0.22,2.8,0.16,1.49,0.1,94.39,31.18,3.18,9.63,0,0,0
1251350,2001,Oldsmar,Florida,11910.0,4.84,1024.11,22.4,787.0,50354.0,103600.0,23.2,85.73,2.84,6.67,0.22,2.8,0.16,1.49,0.1,82.33,35.42,3.46,8.04,0,0,0
1251350,2002,Oldsmar,Florida,11910.0,4.84,1067.31,22.4,787.0,50354.0,103600.0,23.2,85.73,2.84,6.67,0.22,2.8,0.16,1.49,0.1,93.04,40.01,3.75,8.72,0,0,0
1251350,2003,Oldsmar,Florida,11910.0,4.84,1112.77,22.4,787.0,50354.0,103600.0,23.2,85.73,2.84,6.67,0.22,2.8,0.16,1.49,0.1,106.05,45.25,4.07,9.53,0,0,0
1251350,2004,Oldsmar,Florida,11910.0,4.84,1155.75,22.4,787.0,50354.0,103600.0,23.2,85.73,2.84,6.67,0.22,2.8,0.16,1.49,0.1,171.33,60.22,5.21,14.82,0,0,0
1251350,2005,Oldsmar,Florida,13569.0,4.42,1200.42,25.31,1084.0,55714.0,193400.0,31.7,76.04,4.69,10.88,0.0,6.01,0.0,2.31,0.07,93.26,70.96,5.91,7.77,0,0,0
1251350,2006,Oldsmar,Florida,13569.0,4.42,1244.09,25.31,1084.0,55714.0,193400.0,31.7,76.04,4.69,10.88,0.0,6.01,0.0,2.31,0.07,80.55,50.19,4.03,6.47,0,0,0
1251350,2007,Oldsmar,Florida,13569.0,4.42,1287.07,25.31,1084.0,55714.0,193400.0,31.7,76.04,4.69,10.88,0.0,6.01,0.0,2.31,0.07,90.14,54.32,4.22,7.0,0,0,0
1251350,2008,Oldsmar,Florida,13569.0,4.42,1331.53,25.31,1084.0,55714.0,193400.0,31.7,76.04,4.69,10.88,0.0,6.01,0.0,2.31,0.07,81.11,55.28,4.15,6.09,0,0,0
1251350,2009,Oldsmar,Florida,13569.0,4.42,1374.72,25.31,1084.0,55714.0,193400.0,31.7,76.04,4.69,10.88,0.0,6.01,0.0,2.31,0.07,46.88,24.08,1.75,3.41,0,0,0
1251350,2010,Oldsmar,Florida,13591.0,8.81,1418.18,28.73,1091.0,53149.0,166100.0,32.7,75.48,4.99,11.35,0.18,5.83,0.07,1.8,0.29,54.15,40.12,2.83,3.82,0,0,0
1251350,2011,Oldsmar,Florida,13860.0,9.76,1458.21,35.97,1039.0,53409.0,154500.0,28.1,76.13,4.9,10.39,0.34,4.83,0.0,2.73,0.68,55.62,35.83,2.46,3.81,0,0,0
1251350,2012,Oldsmar,Florida,13860.0,9.76,1496.78,35.97,1039.0,53409.0,154500.0,28.1,76.13,4.9,10.39,0.34,4.83,0.0,2.73,0.68,53.37,33.22,2.22,3.57,0,0,0
1251350,2013,Oldsmar,Florida,13860.0,9.76,1539.59,35.97,1039.0,53409.0,154500.0,28.1,76.13,4.9,10.39,0.34,4.83,0.0,2.73,0.68,50.88,24.45,1.59,3.3,0,0,0
1251350,2014,Oldsmar,Florida,13860.0,9.76,1576.63,35.97,1039.0,53409.0,154500.0,28.1,76.13,4.9,10.39,0.34,4.83,0.0,2.73,0.68,49.53,21.75,1.38,3.14,0,0,0
1251350,2015,Oldsmar,Florida,13860.0,9.76,1617.19,35.97,1039.0,53409.0,154500.0,28.1,76.13,4.9,10.39,0.34,4.83,0.0,2.73,0.68,78.51,35.95,2.22,4.85,0,0,0
1251350,2016,Oldsmar,Florida,13860.0,9.76,1655.23,35.97,1039.0,53409.0,154500.0,28.1,76.13,4.9,10.39,0.34,4.83,0.0,2.73,0.68,71.64,31.15,1.88,4.33,0,0,0
1254350,2000,Palm Harbor,Florida,59248.0,5.54,5573.4,21.81,786.0,45404.0,124700.0,28.7,93.16,0.92,3.45,0.17,1.27,0.02,0.89,0.11,232.26,83.88,1.5,4.17,0,0,0
1254350,2001,Palm Harbor,Florida,59248.0,5.54,5679.05,21.81,786.0,45404.0,124700.0,28.7,93.16,0.92,3.45,0.17,1.27,0.02,0.89,0.11,195.71,74.85,1.32,3.45,0,0,0
1254350,2002,Palm Harbor,Florida,59248.0,5.54,5789.14,21.81,786.0,45404.0,124700.0,28.7,93.16,0.92,3.45,0.17,1.27,0.02,0.89,0.11,275.49,106.74,1.84,4.76,0,0,0
1254350,2003,Palm Harbor,Florida,59248.0,5.54,5893.79,21.81,786.0,45404.0,124700.0,28.7,93.16,0.92,3.45,0.17,1.27,0.02,0.89,0.11,329.77,128.88,2.19,5.6,0,0,0
1254350,2004,Palm Harbor,Florida,59248.0,5.54,6003.43,21.81,786.0,45404.0,124700.0,28.7,93.16,0.92,3.45,0.17,1.27,0.02,0.89,0.11,412.78,174.83,2.91,6.88,0,0,0
1254350,2005,Palm Harbor,Florida,56979.0,3.4,6117.08,20.45,990.0,54226.0,216400.0,32.0,91.37,1.22,5.04,0.31,1.12,0.0,0.9,0.04,236.91,126.95,2.08,3.87,0,0,0
1254350,2006,Palm Harbor,Florida,56979.0,3.4,6216.73,20.45,990.0,54226.0,216400.0,32.0,91.37,1.22,5.04,0.31,1.12,0.0,0.9,0.04,225.94,115.98,1.87,3.63,0,0,0
1254350,2007,Palm Harbor,Florida,56979.0,3.4,6325.37,20.45,990.0,54226.0,216400.0,32.0,91.37,1.22,5.04,0.31,1.12,0.0,0.9,0.04,188.5,115.52,1.83,2.98,0,0,0
1254350,2008,Palm Harbor,Florida,56979.0,3.4,6430.48,20.45,990.0,54226.0,216400.0,32.0,91.37,1.22,5.04,0.31,1.12,0.0,0.9,0.04,229.46,138.94,2.16,3.57,0,0,0
1254350,2009,Palm Harbor,Florida,56979.0,3.4,6541.11,20.45,990.0,54226.0,216400.0,32.0,91.37,1.22,5.04,0.31,1.12,0.0,0.9,0.04,189.48,110.97,1.7,2.9,0,0,0
1254350,2010,Palm Harbor,Florida,57439.0,5.04,6647.76,25.39,1080.0,54697.0,184000.0,33.5,88.95,1.82,5.93,0.18,1.58,0.03,1.36,0.15,178.5,111.51,1.68,2.69,0,0,0
1254350,2011,Palm Harbor,Florida,59769.0,5.09,6838.79,29.71,1095.0,53281.0,169600.0,33.4,88.48,2.54,6.01,0.05,1.52,0.02,1.28,0.1,165.49,105.5,1.54,2.42,0,0,0
1254350,2012,Palm Harbor,Florida,59769.0,5.09,7017.27,29.71,1095.0,53281.0,169600.0,33.4,88.48,2.54,6.01,0.05,1.52,0.02,1.28,0.1,198.15,117.07,1.67,2.82,0,0,0
1254350,2013,Palm Harbor,Florida,59769.0,5.09,7209.28,29.71,1095.0,53281.0,169600.0,33.4,88.48,2.54,6.01,0.05,1.52,0.02,1.28,0.1,209.95,112.97,1.57,2.91,0,0,0
1254350,2014,Palm Harbor,Florida,59769.0,5.09,7379.76,29.71,1095.0,53281.0,169600.0,33.4,88.48,2.54,6.01,0.05,1.52,0.02,1.28,0.1,220.96,114.49,1.55,2.99,0,0,0
1254350,2015,Palm Harbor,Florida,59769.0,5.09,7568.79,29.71,1095.0,53281.0,169600.0,33.4,88.48,2.54,6.01,0.05,1.52,0.02,1.28,0.1,221.07,109.54,1.45,2.92,0,0,0
1254350,2016,Palm Harbor,Florida,59769.0,5.09,7749.27,29.71,1095.0,53281.0,169600.0,33.4,88.48,2.54,6.01,0.05,1.52,0.02,1.28,0.1,182.96,92.99,1.2,2.36,0,0,0
1256975,2000,Pinellas Park,Florida,45658.0,9.34,5086.81,24.88,614.0,35048.0,75500.0,24.8,85.33,1.95,6.26,0.34,4.18,0.02,1.8,0.12,476.1,162.08,3.19,9.36,0,0,0
1256975,2001,Pinellas Park,Florida,45658.0,9.34,5186.27,24.88,614.0,35048.0,75500.0,24.8,85.33,1.95,6.26,0.34,4.18,0.02,1.8,0.12,460.33,168.43,3.25,8.88,0,0,0
1256975,2002,Pinellas Park,Florida,45658.0,9.34,5282.32,24.88,614.0,35048.0,75500.0,24.8,85.33,1.95,6.26,0.34,4.18,0.02,1.8,0.12,591.58,213.49,4.04,11.2,0,0,0
1256975,2003,Pinellas Park,Florida,45658.0,9.34,5379.89,24.88,614.0,35048.0,75500.0,24.8,85.33,1.95,6.26,0.34,4.18,0.02,1.8,0.12,631.23,280.28,5.21,11.73,0,0,0
1256975,2004,Pinellas Park,Florida,45658.0,9.34,5474.5,24.88,614.0,35048.0,75500.0,24.8,85.33,1.95,6.26,0.34,4.18,0.02,1.8,0.12,777.64,268.5,4.9,14.2,0,0,0
1256975,2005,Pinellas Park,Florida,47341.0,11.01,5575.51,28.85,868.0,42797.0,151600.0,30.1,76.65,5.45,9.09,0.22,7.57,0.1,0.89,0.03,558.33,303.37,5.44,10.01,0,0,0
1256975,2006,Pinellas Park,Florida,47341.0,11.01,5664.98,28.85,868.0,42797.0,151600.0,30.1,76.65,5.45,9.09,0.22,7.57,0.1,0.89,0.03,459.83,279.19,4.93,8.12,0,0,0
1256975,2007,Pinellas Park,Florida,47341.0,11.01,5762.6,28.85,868.0,42797.0,151600.0,30.1,76.65,5.45,9.09,0.22,7.57,0.1,0.89,0.03,431.59,274.93,4.77,7.49,0,0,0
1256975,2008,Pinellas Park,Florida,47341.0,11.01,5856.16,28.85,868.0,42797.0,151600.0,30.1,76.65,5.45,9.09,0.22,7.57,0.1,0.89,0.03,413.34,252.93,4.32,7.06,0,0,0
1256975,2009,Pinellas Park,Florida,47341.0,11.01,5956.22,28.85,868.0,42797.0,151600.0,30.1,76.65,5.45,9.09,0.22,7.57,0.1,0.89,0.03,450.55,256.76,4.31,7.56,0,0,0
1256975,2010,Pinellas Park,Florida,49079.0,9.37,6051.67,29.93,966.0,44335.0,122200.0,32.4,75.09,4.35,10.73,0.24,7.2,0.11,2.02,0.27,361.06,246.98,4.08,5.97,0,0,0
1256975,2011,Pinellas Park,Florida,50433.0,11.22,6265.78,33.58,950.0,41494.0,109300.0,31.9,74.46,3.92,10.21,0.37,8.85,0.0,1.96,0.23,409.0,287.05,4.58,6.53,0,0,0
1256975,2012,Pinellas Park,Florida,50433.0,11.22,6476.69,33.58,950.0,41494.0,109300.0,31.9,74.46,3.92,10.21,0.37,8.85,0.0,1.96,0.23,458.11,297.61,4.6,7.07,0,0,0
1256975,2013,Pinellas Park,Florida,50433.0,11.22,6696.22,33.58,950.0,41494.0,109300.0,31.9,74.46,3.92,10.21,0.37,8.85,0.0,1.96,0.23,530.85,324.27,4.84,7.93,0,0,0
1256975,2014,Pinellas Park,Florida,50433.0,11.22,6900.71,33.58,950.0,41494.0,109300.0,31.9,74.46,3.92,10.21,0.37,8.85,0.0,1.96,0.23,524.6,288.86,4.19,7.6,0,0,0
1256975,2015,Pinellas Park,Florida,50433.0,11.22,7115.86,33.58,950.0,41494.0,109300.0,31.9,74.46,3.92,10.21,0.37,8.85,0.0,1.96,0.23,498.87,261.91,3.68,7.01,0,0,0
1256975,2016,Pinellas Park,Florida,50433.0,11.22,7325.72,33.58,950.0,41494.0,109300.0,31.9,74.46,3.92,10.21,0.37,8.85,0.0,1.96,0.23,500.11,234.19,3.2,6.83,0,0,0
1259725,2000,Redington Beach,Florida,1539.0,5.67,171.89,10.91,1044.0,54830.0,173100.0,23.0,94.28,0.45,2.92,0.13,1.43,0.0,0.78,0.0,1.93,0.51,0.3,1.12,0,0,0
1259725,2001,Redington Beach,Florida,1539.0,5.67,172.14,10.91,1044.0,54830.0,173100.0,23.0,94.28,0.45,2.92,0.13,1.43,0.0,0.78,0.0,3.87,1.16,0.67,2.25,0,0,0
1259725,2002,Redington Beach,Florida,1539.0,5.67,172.39,10.91,1044.0,54830.0,173100.0,23.0,94.28,0.45,2.92,0.13,1.43,0.0,0.78,0.0,3.48,0.77,0.45,2.02,0,0,0
1259725,2003,Redington Beach,Florida,1539.0,5.67,172.65,10.91,1044.0,54830.0,173100.0,23.0,94.28,0.45,2.92,0.13,1.43,0.0,0.78,0.0,3.86,1.67,0.97,2.23,0,0,0
1259725,2004,Redington Beach,Florida,1539.0,5.67,172.9,10.91,1044.0,54830.0,173100.0,23.0,94.28,0.45,2.92,0.13,1.43,0.0,0.78,0.0,5.66,0.77,0.45,3.27,0,0,0
1259725,2005,Redington Beach,Florida,1543.0,1.99,173.15,15.35,1225.0,71953.0,448900.0,31.0,94.1,0.0,3.69,0.19,1.36,0.0,0.65,0.0,1.55,1.16,0.67,0.89,0,0,0
1259725,2006,Redington Beach,Florida,1543.0,1.99,173.02,15.35,1225.0,71953.0,448900.0,31.0,94.1,0.0,3.69,0.19,1.36,0.0,0.65,0.0,3.47,2.57,1.49,2.01,0,0,0
1259725,2007,Redington Beach,Florida,1543.0,1.99,173.27,15.35,1225.0,71953.0,448900.0,31.0,94.1,0.0,3.69,0.19,1.36,0.0,0.65,0.0,5.53,4.24,2.45,3.19,0,0,0
1259725,2008,Redington Beach,Florida,1543.0,1.99,173.52,15.35,1225.0,71953.0,448900.0,31.0,94.1,0.0,3.69,0.19,1.36,0.0,0.65,0.0,4.89,3.73,2.15,2.82,0,0,0
1259725,2009,Redington Beach,Florida,1543.0,1.99,173.78,15.35,1225.0,71953.0,448900.0,31.0,94.1,0.0,3.69,0.19,1.36,0.0,0.65,0.0,5.66,4.24,2.44,3.26,0,0,0
1259725,2010,Redington Beach,Florida,1427.0,4.55,174.03,16.02,1615.0,72614.0,370600.0,32.5,91.8,0.35,3.78,0.07,2.52,0.0,1.47,0.0,3.47,2.06,1.18,1.99,0,0,0
1259725,2011,Redington Beach,Florida,1565.0,6.05,178.92,17.67,1835.0,80724.0,382300.0,29.1,90.42,0.7,6.65,0.0,1.02,0.0,1.21,0.0,3.35,2.96,1.65,1.87,0,0,0
1259725,2012,Redington Beach,Florida,1565.0,6.05,184.32,17.67,1835.0,80724.0,382300.0,29.1,90.42,0.7,6.65,0.0,1.02,0.0,1.21,0.0,2.19,0.51,0.28,1.19,0,0,0
1259725,2013,Redington Beach,Florida,1565.0,6.05,189.6,17.67,1835.0,80724.0,382300.0,29.1,90.42,0.7,6.65,0.0,1.02,0.0,1.21,0.0,0.77,0.0,0.0,0.41,0,0,0
1259725,2014,Redington Beach,Florida,1565.0,6.05,194.49,17.67,1835.0,80724.0,382300.0,29.1,90.42,0.7,6.65,0.0,1.02,0.0,1.21,0.0,4.38,1.93,0.99,2.25,0,0,0
1259725,2015,Redington Beach,Florida,1565.0,6.05,199.9,17.67,1835.0,80724.0,382300.0,29.1,90.42,0.7,6.65,0.0,1.02,0.0,1.21,0.0,1.67,0.39,0.19,0.84,0,0,0
1259725,2016,Redington Beach,Florida,1565.0,6.05,204.79,17.67,1835.0,80724.0,382300.0,29.1,90.42,0.7,6.65,0.0,1.02,0.0,1.21,0.0,1.29,1.29,0.63,0.63,0,0,0
1259750,2000,Redington Shores,Florida,2338.0,8.22,312.7,24.92,776.0,40411.0,162500.0,25.3,95.0,0.13,2.95,0.47,0.47,0.0,0.94,0.04,7.85,3.0,0.96,2.51,0,0,0
1259750,2001,Redington Shores,Florida,2338.0,8.22,314.85,24.92,776.0,40411.0,162500.0,25.3,95.0,0.13,2.95,0.47,0.47,0.0,0.94,0.04,10.68,1.99,0.63,3.39,0,0,0
1259750,2002,Redington Shores,Florida,2338.0,8.22,315.99,24.92,776.0,40411.0,162500.0,25.3,95.0,0.13,2.95,0.47,0.47,0.0,0.94,0.04,12.84,2.99,0.95,4.06,0,0,0
1259750,2003,Redington Shores,Florida,2338.0,8.22,318.99,24.92,776.0,40411.0,162500.0,25.3,95.0,0.13,2.95,0.47,0.47,0.0,0.94,0.04,8.56,2.0,0.63,2.68,0,0,0
1259750,2004,Redington Shores,Florida,2338.0,8.22,321.14,24.92,776.0,40411.0,162500.0,25.3,95.0,0.13,2.95,0.47,0.47,0.0,0.94,0.04,19.97,4.42,1.37,6.22,0,0,0
1259750,2005,Redington Shores,Florida,1865.0,4.39,323.29,15.11,895.0,58445.0,473800.0,47.6,97.1,0.59,1.98,0.0,0.0,0.0,0.32,0.0,8.42,7.42,2.29,2.6,0,0,0
1259750,2006,Redington Shores,Florida,1865.0,4.39,324.43,15.11,895.0,58445.0,473800.0,47.6,97.1,0.59,1.98,0.0,0.0,0.0,0.32,0.0,7.42,4.0,1.23,2.29,0,0,0
1259750,2007,Redington Shores,Florida,1865.0,4.39,326.58,15.11,895.0,58445.0,473800.0,47.6,97.1,0.59,1.98,0.0,0.0,0.0,0.32,0.0,7.56,4.85,1.49,2.31,0,0,0
1259750,2008,Redington Shores,Florida,1865.0,4.39,329.58,15.11,895.0,58445.0,473800.0,47.6,97.1,0.59,1.98,0.0,0.0,0.0,0.32,0.0,5.84,3.85,1.17,1.77,0,0,0
1259750,2009,Redington Shores,Florida,1865.0,4.39,330.72,15.11,895.0,58445.0,473800.0,47.6,97.1,0.59,1.98,0.0,0.0,0.0,0.32,0.0,8.85,4.0,1.21,2.68,0,0,0
1259750,2010,Redington Shores,Florida,2121.0,4.74,332.87,31.11,979.0,59297.0,346000.0,43.4,92.41,0.42,4.9,0.24,0.85,0.0,0.94,0.24,6.7,4.7,1.41,2.01,0,0,0
1259750,2011,Redington Shores,Florida,2046.0,1.84,347.13,37.09,1237.0,53791.0,337600.0,32.6,89.98,0.0,6.11,0.39,1.61,0.0,1.91,0.0,9.56,8.56,2.46,2.75,0,0,0
1259750,2012,Redington Shores,Florida,2046.0,1.84,360.53,37.09,1237.0,53791.0,337600.0,32.6,89.98,0.0,6.11,0.39,1.61,0.0,1.91,0.0,7.56,5.7,1.58,2.1,0,0,0
1259750,2013,Redington Shores,Florida,2046.0,1.84,374.79,37.09,1237.0,53791.0,337600.0,32.6,89.98,0.0,6.11,0.39,1.61,0.0,1.91,0.0,13.11,8.56,2.28,3.5,0,0,0
1259750,2014,Redington Shores,Florida,2046.0,1.84,388.19,37.09,1237.0,53791.0,337600.0,32.6,89.98,0.0,6.11,0.39,1.61,0.0,1.91,0.0,11.12,3.7,0.95,2.86,0,0,0
1259750,2015,Redington Shores,Florida,2046.0,1.84,402.45,37.09,1237.0,53791.0,337600.0,32.6,89.98,0.0,6.11,0.39,1.61,0.0,1.91,0.0,7.7,4.85,1.21,1.91,0,0,0
1259750,2016,Redington Shores,Florida,2046.0,1.84,415.85,37.09,1237.0,53791.0,337600.0,32.6,89.98,0.0,6.11,0.39,1.61,0.0,1.91,0.0,11.25,5.55,1.34,2.71,0,0,0
1260275,2000,Ridgecrest,Florida,2453.0,22.67,268.1,37.39,483.0,32535.0,63900.0,30.3,14.88,80.07,3.18,0.08,0.16,0.0,1.18,0.45,15.39,5.27,1.97,5.74,0,0,0
1260275,2001,Ridgecrest,Florida,2453.0,22.67,270.98,37.39,483.0,32535.0,63900.0,30.3,14.88,80.07,3.18,0.08,0.16,0.0,1.18,0.45,18.83,6.4,2.36,6.95,0,0,0
1260275,2002,Ridgecrest,Florida,2453.0,22.67,273.75,37.39,483.0,32535.0,63900.0,30.3,14.88,80.07,3.18,0.08,0.16,0.0,1.18,0.45,17.71,7.64,2.79,6.47,0,0,0
1260275,2003,Ridgecrest,Florida,2453.0,22.67,277.36,37.39,483.0,32535.0,63900.0,30.3,14.88,80.07,3.18,0.08,0.16,0.0,1.18,0.45,12.55,6.95,2.51,4.52,0,0,0
1260275,2004,Ridgecrest,Florida,2453.0,22.67,280.13,37.39,483.0,32535.0,63900.0,30.3,14.88,80.07,3.18,0.08,0.16,0.0,1.18,0.45,19.33,8.62,3.08,6.9,0,0,0
1260275,2005,Ridgecrest,Florida,1592.0,16.74,283.01,30.78,607.0,34464.0,157800.0,35.0,18.53,75.06,4.77,0.0,0.82,0.0,0.82,0.0,20.64,13.88,4.9,7.29,0,0,0
1260275,2006,Ridgecrest,Florida,1592.0,16.74,285.62,30.78,607.0,34464.0,157800.0,35.0,18.53,75.06,4.77,0.0,0.82,0.0,0.82,0.0,21.23,14.96,5.24,7.43,0,0,0
1260275,2007,Ridgecrest,Florida,1592.0,16.74,288.66,30.78,607.0,34464.0,157800.0,35.0,18.53,75.06,4.77,0.0,0.82,0.0,0.82,0.0,22.96,10.99,3.81,7.95,0,0,0
1260275,2008,Ridgecrest,Florida,1592.0,16.74,291.99,30.78,607.0,34464.0,157800.0,35.0,18.53,75.06,4.77,0.0,0.82,0.0,0.82,0.0,22.37,14.86,5.09,7.66,0,0,0
1260275,2009,Ridgecrest,Florida,1592.0,16.74,295.04,30.78,607.0,34464.0,157800.0,35.0,18.53,75.06,4.77,0.0,0.82,0.0,0.82,0.0,21.6,11.47,3.89,7.32,0,0,0
1260275,2010,Ridgecrest,Florida,2558.0,19.81,297.65,42.35,949.0,37011.0,157700.0,50.0,19.08,67.2,9.34,0.2,0.82,0.0,2.97,0.39,20.27,13.49,4.53,6.81,0,0,0
1260275,2011,Ridgecrest,Florida,3237.0,23.44,308.56,34.46,595.0,33828.0,126000.0,27.2,46.28,41.15,8.43,3.8,0.0,0.0,0.34,0.0,19.7,15.75,5.1,6.38,0,0,0
1260275,2012,Ridgecrest,Florida,3237.0,23.44,319.2,34.46,595.0,33828.0,126000.0,27.2,46.28,41.15,8.43,3.8,0.0,0.0,0.34,0.0,22.54,15.32,4.8,7.06,0,0,0
1260275,2013,Ridgecrest,Florida,3237.0,23.44,330.11,34.46,595.0,33828.0,126000.0,27.2,46.28,41.15,8.43,3.8,0.0,0.0,0.34,0.0,18.57,12.73,3.86,5.63,0,0,0
1260275,2014,Ridgecrest,Florida,3237.0,23.44,340.03,34.46,595.0,33828.0,126000.0,27.2,46.28,41.15,8.43,3.8,0.0,0.0,0.34,0.0,25.07,12.01,3.53,7.37,0,0,0
1260275,2015,Ridgecrest,Florida,3237.0,23.44,350.94,34.46,595.0,33828.0,126000.0,27.2,46.28,41.15,8.43,3.8,0.0,0.0,0.34,0.0,25.35,14.45,4.12,7.22,0,0,0
1260275,2016,Ridgecrest,Florida,3237.0,23.44,361.58,34.46,595.0,33828.0,126000.0,27.2,46.28,41.15,8.43,3.8,0.0,0.0,0.34,0.0,22.62,10.1,2.79,6.26,0,0,0
1262425,2000,Safety Harbor,Florida,17203.0,5.62,1066.6,15.53,703.0,51378.0,134500.0,23.3,89.46,4.06,3.65,0.18,1.66,0.03,0.91,0.05,64.65,18.32,1.72,6.06,0,0,0
1262425,2001,Safety Harbor,Florida,17203.0,5.62,1098.3,15.53,703.0,51378.0,134500.0,23.3,89.46,4.06,3.65,0.18,1.66,0.03,0.91,0.05,42.56,15.93,1.45,3.88,0,0,0
1262425,2002,Safety Harbor,Florida,17203.0,5.62,1130.08,15.53,703.0,51378.0,134500.0,23.3,89.46,4.06,3.65,0.18,1.66,0.03,0.91,0.05,52.97,16.57,1.47,4.69,0,0,0
1262425,2003,Safety Harbor,Florida,17203.0,5.62,1163.21,15.53,703.0,51378.0,134500.0,23.3,89.46,4.06,3.65,0.18,1.66,0.03,0.91,0.05,55.84,19.24,1.65,4.8,0,0,0
1262425,2004,Safety Harbor,Florida,17203.0,5.62,1194.03,15.53,703.0,51378.0,134500.0,23.3,89.46,4.06,3.65,0.18,1.66,0.03,0.91,0.05,58.77,18.58,1.56,4.92,0,0,0
1262425,2005,Safety Harbor,Florida,17200.0,3.49,1227.69,16.68,967.0,60600.0,251800.0,29.2,84.67,5.37,7.13,0.05,2.22,0.0,0.41,0.15,42.69,19.14,1.56,3.48,0,0,0
1262425,2006,Safety Harbor,Florida,17200.0,3.49,1255.51,16.68,967.0,60600.0,251800.0,29.2,84.67,5.37,7.13,0.05,2.22,0.0,0.41,0.15,50.03,25.25,2.01,3.98,0,0,0
1262425,2007,Safety Harbor,Florida,17200.0,3.49,1287.28,16.68,967.0,60600.0,251800.0,29.2,84.67,5.37,7.13,0.05,2.22,0.0,0.41,0.15,49.0,29.41,2.29,3.81,0,0,0
1262425,2008,Safety Harbor,Florida,17200.0,3.49,1319.45,16.68,967.0,60600.0,251800.0,29.2,84.67,5.37,7.13,0.05,2.22,0.0,0.41,0.15,63.6,34.49,2.61,4.82,0,0,0
1262425,2009,Safety Harbor,Florida,17200.0,3.49,1352.12,16.68,967.0,60600.0,251800.0,29.2,84.67,5.37,7.13,0.05,2.22,0.0,0.41,0.15,50.45,22.33,1.65,3.73,0,0,0
1262425,2010,Safety Harbor,Florida,16884.0,6.61,1382.93,19.58,1014.0,62529.0,221700.0,34.1,85.32,4.39,5.77,0.13,2.58,0.04,1.58,0.2,68.43,47.01,3.4,4.95,0,0,0
1262425,2011,Safety Harbor,Florida,17142.0,5.96,1428.89,19.11,1095.0,60056.0,206200.0,32.9,80.56,4.81,8.1,0.43,3.4,0.0,2.56,0.15,49.79,20.25,1.42,3.48,0,0,0
1262425,2012,Safety Harbor,Florida,17142.0,5.96,1473.27,19.11,1095.0,60056.0,206200.0,32.9,80.56,4.81,8.1,0.43,3.4,0.0,2.56,0.15,82.52,36.29,2.46,5.6,0,0,0
1262425,2013,Safety Harbor,Florida,17142.0,5.96,1520.23,19.11,1095.0,60056.0,206200.0,32.9,80.56,4.81,8.1,0.43,3.4,0.0,2.56,0.15,87.72,43.76,2.88,5.77,0,0,0
1262425,2014,Safety Harbor,Florida,17142.0,5.96,1563.65,19.11,1095.0,60056.0,206200.0,32.9,80.56,4.81,8.1,0.43,3.4,0.0,2.56,0.15,84.98,33.88,2.17,5.43,0,0,0
1262425,2015,Safety Harbor,Florida,17142.0,5.96,1608.66,19.11,1095.0,60056.0,206200.0,32.9,80.56,4.81,8.1,0.43,3.4,0.0,2.56,0.15,56.82,24.13,1.5,3.53,0,0,0
1262425,2016,Safety Harbor,Florida,17142.0,5.96,1653.99,19.11,1095.0,60056.0,206200.0,32.9,80.56,4.81,8.1,0.43,3.4,0.0,2.56,0.15,46.37,24.25,1.47,2.8,0,0,0
1262885,2000,St. Pete Beach,Florida,9929.0,7.44,1598.32,29.96,620.0,47574.0,195400.0,24.2,95.55,0.63,2.51,0.2,0.54,0.03,0.48,0.05,53.0,18.0,1.13,3.32,0,0,0
1262885,2001,St. Pete Beach,Florida,9929.0,7.44,1603.32,29.96,620.0,47574.0,195400.0,24.2,95.55,0.63,2.51,0.2,0.54,0.03,0.48,0.05,58.17,20.0,1.25,3.63,0,0,0
1262885,2002,St. Pete Beach,Florida,9929.0,7.44,1611.32,29.96,620.0,47574.0,195400.0,24.2,95.55,0.63,2.51,0.2,0.54,0.03,0.48,0.05,87.17,29.0,1.8,5.41,0,0,0
1262885,2003,St. Pete Beach,Florida,9929.0,7.44,1617.32,29.96,620.0,47574.0,195400.0,24.2,95.55,0.63,2.51,0.2,0.54,0.03,0.48,0.05,102.0,46.0,2.84,6.31,0,0,0
1262885,2004,St. Pete Beach,Florida,9929.0,7.44,1625.32,29.96,620.0,47574.0,195400.0,24.2,95.55,0.63,2.51,0.2,0.54,0.03,0.48,0.05,111.0,36.0,2.21,6.83,0,0,0
1262885,2005,St. Pete Beach,Florida,9957.0,3.49,1630.32,32.45,915.0,57639.0,510100.0,32.4,90.66,3.73,2.39,0.39,0.71,0.0,1.67,0.45,94.17,57.0,3.5,5.78,0,0,0
1262885,2006,St. Pete Beach,Florida,9957.0,3.49,1633.32,32.45,915.0,57639.0,510100.0,32.4,90.66,3.73,2.39,0.39,0.71,0.0,1.67,0.45,76.0,52.0,3.18,4.65,0,0,0
1262885,2007,St. Pete Beach,Florida,9957.0,3.49,1641.32,32.45,915.0,57639.0,510100.0,32.4,90.66,3.73,2.39,0.39,0.71,0.0,1.67,0.45,85.17,56.0,3.41,5.19,0,0,0
1262885,2008,St. Pete Beach,Florida,9957.0,3.49,1647.32,32.45,915.0,57639.0,510100.0,32.4,90.66,3.73,2.39,0.39,0.71,0.0,1.67,0.45,72.34,42.17,2.56,4.39,0,0,0
1262885,2009,St. Pete Beach,Florida,9957.0,3.49,1655.32,32.45,915.0,57639.0,510100.0,32.4,90.66,3.73,2.39,0.39,0.71,0.0,1.67,0.45,61.17,28.0,1.69,3.7,0,0,0
1262885,2010,St. Pete Beach,Florida,9346.0,6.73,1660.32,32.49,1019.0,58268.0,372200.0,35.4,92.48,0.68,4.41,0.25,1.13,0.03,0.87,0.15,73.34,48.0,2.89,4.42,0,0,0
1262885,2011,St. Pete Beach,Florida,9466.0,5.2,1704.84,33.52,945.0,61169.0,324100.0,34.9,94.3,0.59,3.07,0.14,1.42,0.0,0.49,0.0,73.34,49.0,2.87,4.3,0,0,0
1262885,2012,St. Pete Beach,Florida,9466.0,5.2,1746.18,33.52,945.0,61169.0,324100.0,34.9,94.3,0.59,3.07,0.14,1.42,0.0,0.49,0.0,95.0,62.0,3.55,5.44,0,0,0
1262885,2013,St. Pete Beach,Florida,9466.0,5.2,1792.69,33.52,945.0,61169.0,324100.0,34.9,94.3,0.59,3.07,0.14,1.42,0.0,0.49,0.0,53.0,36.0,2.01,2.96,0,0,0
1262885,2014,St. Pete Beach,Florida,9466.0,5.2,1833.21,33.52,945.0,61169.0,324100.0,34.9,94.3,0.59,3.07,0.14,1.42,0.0,0.49,0.0,53.0,28.0,1.53,2.89,0,0,0
1262885,2015,St. Pete Beach,Florida,9466.0,5.2,1877.55,33.52,945.0,61169.0,324100.0,34.9,94.3,0.59,3.07,0.14,1.42,0.0,0.49,0.0,46.0,21.0,1.12,2.45,0,0,0
1262885,2016,St. Pete Beach,Florida,9466.0,5.2,1919.06,33.52,945.0,61169.0,324100.0,34.9,94.3,0.59,3.07,0.14,1.42,0.0,0.49,0.0,43.0,16.0,0.83,2.24,0,0,0
1263000,2000,St. Petersburg,Florida,248232.0,13.26,40234.0,36.51,567.0,34597.0,81000.0,26.9,68.64,22.11,4.23,0.28,2.65,0.04,1.83,0.22,3080.17,1148.79,2.86,7.66,0,0,0
1263000,2001,St. Petersburg,Florida,248232.0,13.26,40463.34,36.51,567.0,34597.0,81000.0,26.9,68.64,22.11,4.23,0.28,2.65,0.04,1.83,0.22,2706.39,1037.04,2.56,6.69,0,0,0
1263000,2002,St. Petersburg,Florida,248232.0,13.26,40670.21,36.51,567.0,34597.0,81000.0,26.9,68.64,22.11,4.23,0.28,2.65,0.04,1.83,0.22,3530.06,1381.49,3.4,8.68,0,0,0
1263000,2003,St. Petersburg,Florida,248232.0,13.26,40889.82,36.51,567.0,34597.0,81000.0,26.9,68.64,22.11,4.23,0.28,2.65,0.04,1.83,0.22,3636.12,1628.69,3.98,8.89,0,0,0
1263000,2004,St. Petersburg,Florida,248232.0,13.26,41101.03,36.51,567.0,34597.0,81000.0,26.9,68.64,22.11,4.23,0.28,2.65,0.04,1.83,0.22,3628.95,1538.67,3.74,8.83,0,0,0
1263000,2005,St. Petersburg,Florida,245764.0,9.89,41369.02,35.86,830.0,43103.0,182200.0,32.6,66.03,23.29,5.32,0.2,3.49,0.02,1.53,0.11,2735.33,1662.42,4.02,6.61,0,0,0
1263000,2006,St. Petersburg,Florida,245764.0,9.89,41547.07,35.86,830.0,43103.0,182200.0,32.6,66.03,23.29,5.32,0.2,3.49,0.02,1.53,0.11,2727.2,1695.11,4.08,6.56,0,0,0
1263000,2007,St. Petersburg,Florida,245764.0,9.89,41775.3,35.86,830.0,43103.0,182200.0,32.6,66.03,23.29,5.32,0.2,3.49,0.02,1.53,0.11,2423.99,1527.8,3.66,5.8,0,0,0
1263000,2008,St. Petersburg,Florida,245764.0,9.89,41976.91,35.86,830.0,43103.0,182200.0,32.6,66.03,23.29,5.32,0.2,3.49,0.02,1.53,0.11,2336.61,1464.03,3.49,5.57,0,0,0
1263000,2009,St. Petersburg,Florida,245764.0,9.89,42202.77,35.86,830.0,43103.0,182200.0,32.6,66.03,23.29,5.32,0.2,3.49,0.02,1.53,0.11,2269.74,1337.07,3.17,5.38,0,0,0
1263000,2010,St. Petersburg,Florida,244769.0,11.08,42414.11,39.33,908.0,44756.0,156500.0,33.0,64.31,23.49,6.62,0.23,3.13,0.04,1.95,0.22,2087.58,1408.39,3.32,4.92,0,0,0
1263000,2011,St. Petersburg,Florida,250713.0,11.95,43578.93,42.69,934.0,45748.0,145100.0,32.3,63.05,23.63,7.13,0.26,3.13,0.09,2.38,0.33,2188.42,1557.6,3.57,5.02,0,0,0
1263000,2012,St. Petersburg,Florida,250713.0,11.95,44715.58,42.69,934.0,45748.0,145100.0,32.3,63.05,23.63,7.13,0.26,3.13,0.09,2.38,0.33,2554.56,1578.49,3.53,5.71,0,0,0
1263000,2013,St. Petersburg,Florida,250713.0,11.95,45917.42,42.69,934.0,45748.0,145100.0,32.3,63.05,23.63,7.13,0.26,3.13,0.09,2.38,0.33,3011.04,1895.71,4.13,6.56,0,0,0
1263000,2014,St. Petersburg,Florida,250713.0,11.95,47004.98,42.69,934.0,45748.0,145100.0,32.3,63.05,23.63,7.13,0.26,3.13,0.09,2.38,0.33,3228.76,1706.32,3.63,6.87,0,0,0
1263000,2015,St. Petersburg,Florida,250713.0,11.95,48173.89,42.69,934.0,45748.0,145100.0,32.3,63.05,23.63,7.13,0.26,3.13,0.09,2.38,0.33,3035.62,1519.2,3.15,6.3,0,0,0
1263000,2016,St. Petersburg,Florida,250713.0,11.95,49306.45,42.69,934.0,45748.0,145100.0,32.3,63.05,23.63,7.13,0.26,3.13,0.09,2.38,0.33,3030.91,1456.01,2.95,6.15,0,0,0
1264975,2000,Seminole,Florida,10890.0,8.96,1570.67,22.29,668.0,29179.0,83900.0,29.6,94.95,0.43,2.25,0.32,0.85,0.01,1.15,0.04,64.84,17.93,1.14,4.13,0,0,0
1264975,2001,Seminole,Florida,10890.0,8.96,1621.98,22.29,668.0,29179.0,83900.0,29.6,94.95,0.43,2.25,0.32,0.85,0.01,1.15,0.04,62.69,17.28,1.07,3.86,0,0,0
1264975,2002,Seminole,Florida,10890.0,8.96,1670.28,22.29,668.0,29179.0,83900.0,29.6,94.95,0.43,2.25,0.32,0.85,0.01,1.15,0.04,94.81,36.0,2.16,5.68,0,0,0
1264975,2003,Seminole,Florida,10890.0,8.96,1720.97,22.29,668.0,29179.0,83900.0,29.6,94.95,0.43,2.25,0.32,0.85,0.01,1.15,0.04,111.41,49.38,2.87,6.47,0,0,0
1264975,2004,Seminole,Florida,10890.0,8.96,1771.13,22.29,668.0,29179.0,83900.0,29.6,94.95,0.43,2.25,0.32,0.85,0.01,1.15,0.04,103.21,37.17,2.1,5.83,0,0,0
1264975,2005,Seminole,Florida,19104.0,2.95,1824.68,21.8,958.0,44443.0,168400.0,29.8,92.7,1.04,3.61,0.51,1.68,0.0,0.46,0.0,79.83,43.73,2.4,4.38,0,0,0
1264975,2006,Seminole,Florida,19104.0,2.95,1870.83,21.8,958.0,44443.0,168400.0,29.8,92.7,1.04,3.61,0.51,1.68,0.0,0.46,0.0,70.75,40.7,2.18,3.78,0,0,0
1264975,2007,Seminole,Florida,19104.0,2.95,1921.75,21.8,958.0,44443.0,168400.0,29.8,92.7,1.04,3.61,0.51,1.68,0.0,0.46,0.0,70.43,49.35,2.57,3.67,0,0,0
1264975,2008,Seminole,Florida,19104.0,2.95,1971.64,21.8,958.0,44443.0,168400.0,29.8,92.7,1.04,3.61,0.51,1.68,0.0,0.46,0.0,83.87,57.01,2.89,4.25,0,0,0
1264975,2009,Seminole,Florida,19104.0,2.95,2020.74,21.8,958.0,44443.0,168400.0,29.8,92.7,1.04,3.61,0.51,1.68,0.0,0.46,0.0,66.25,37.87,1.87,3.28,0,0,0
1264975,2010,Seminole,Florida,17233.0,6.38,2071.25,24.15,1251.0,48444.0,152900.0,31.8,90.52,1.33,4.35,0.32,2.29,0.05,1.04,0.09,67.66,49.81,2.4,3.27,0,0,0
1264975,2011,Seminole,Florida,17637.0,7.38,2136.89,25.11,1099.0,46408.0,146200.0,30.5,89.46,1.57,4.07,0.32,3.01,0.14,1.44,0.0,61.47,44.63,2.09,2.88,0,0,0
1264975,2012,Seminole,Florida,17637.0,7.38,2199.83,25.11,1099.0,46408.0,146200.0,30.5,89.46,1.57,4.07,0.32,3.01,0.14,1.44,0.0,46.94,27.03,1.23,2.13,0,0,0
1264975,2013,Seminole,Florida,17637.0,7.38,2268.01,25.11,1099.0,46408.0,146200.0,30.5,89.46,1.57,4.07,0.32,3.01,0.14,1.44,0.0,58.75,34.64,1.53,2.59,0,0,0
1264975,2014,Seminole,Florida,17637.0,7.38,2326.31,25.11,1099.0,46408.0,146200.0,30.5,89.46,1.57,4.07,0.32,3.01,0.14,1.44,0.0,64.33,34.0,1.46,2.77,0,0,0
1264975,2015,Seminole,Florida,17637.0,7.38,2391.59,25.11,1099.0,46408.0,146200.0,30.5,89.46,1.57,4.07,0.32,3.01,0.14,1.44,0.0,46.6,27.39,1.15,1.95,0,0,0
1264975,2016,Seminole,Florida,17637.0,7.38,2454.89,25.11,1099.0,46408.0,146200.0,30.5,89.46,1.57,4.07,0.32,3.01,0.14,1.44,0.0,51.41,28.46,1.16,2.09,0,0,0
1267462,2000,South Highpoint,Florida,8839.0,22.18,930.65,52.67,563.0,29440.0,74100.0,28.8,62.63,22.6,9.27,0.37,3.62,0.07,1.2,0.24,104.03,36.14,3.88,11.18,0,0,0
1267462,2001,South Highpoint,Florida,8839.0,22.18,943.15,52.67,563.0,29440.0,74100.0,28.8,62.63,22.6,9.27,0.37,3.62,0.07,1.2,0.24,105.99,42.67,4.52,11.24,0,0,0
1267462,2002,South Highpoint,Florida,8839.0,22.18,955.06,52.67,563.0,29440.0,74100.0,28.8,62.63,22.6,9.27,0.37,3.62,0.07,1.2,0.24,118.75,50.9,5.33,12.43,0,0,0
1267462,2003,South Highpoint,Florida,8839.0,22.18,967.56,52.67,563.0,29440.0,74100.0,28.8,62.63,22.6,9.27,0.37,3.62,0.07,1.2,0.24,108.95,43.34,4.48,11.26,0,0,0
1267462,2004,South Highpoint,Florida,8839.0,22.18,979.48,52.67,563.0,29440.0,74100.0,28.8,62.63,22.6,9.27,0.37,3.62,0.07,1.2,0.24,132.13,49.27,5.03,13.49,0,0,0
1267462,2005,South Highpoint,Florida,5947.0,34.82,991.98,57.27,802.0,30615.0,135800.0,37.9,39.78,10.34,38.47,0.0,9.18,0.0,2.22,0.0,116.24,71.59,7.22,11.72,0,0,0
1267462,2006,South Highpoint,Florida,5947.0,34.82,1002.91,57.27,802.0,30615.0,135800.0,37.9,39.78,10.34,38.47,0.0,9.18,0.0,2.22,0.0,122.27,76.01,7.58,12.19,0,0,0
1267462,2007,South Highpoint,Florida,5947.0,34.82,1015.83,57.27,802.0,30615.0,135800.0,37.9,39.78,10.34,38.47,0.0,9.18,0.0,2.22,0.0,106.08,64.46,6.35,10.44,0,0,0
1267462,2008,South Highpoint,Florida,5947.0,34.82,1027.33,57.27,802.0,30615.0,135800.0,37.9,39.78,10.34,38.47,0.0,9.18,0.0,2.22,0.0,81.55,56.12,5.46,7.94,0,0,0
1267462,2009,South Highpoint,Florida,5947.0,34.82,1040.24,57.27,802.0,30615.0,135800.0,37.9,39.78,10.34,38.47,0.0,9.18,0.0,2.22,0.0,85.14,42.08,4.05,8.19,0,0,0
1267462,2010,South Highpoint,Florida,5195.0,14.74,1051.74,50.92,833.0,31212.0,122700.0,42.0,47.78,11.63,31.15,0.5,6.08,0.77,1.75,0.35,75.24,55.56,5.28,7.15,0,0,0
1267462,2011,South Highpoint,Florida,4624.0,23.32,1094.97,53.46,865.0,35625.0,98000.0,38.9,48.27,12.18,30.82,0.0,5.3,0.0,1.62,1.82,93.86,65.86,6.01,8.57,0,0,0
1267462,2012,South Highpoint,Florida,4624.0,23.32,1136.95,53.46,865.0,35625.0,98000.0,38.9,48.27,12.18,30.82,0.0,5.3,0.0,1.62,1.82,112.19,80.82,7.11,9.87,0,0,0
1267462,2013,South Highpoint,Florida,4624.0,23.32,1181.08,53.46,865.0,35625.0,98000.0,38.9,48.27,12.18,30.82,0.0,5.3,0.0,1.62,1.82,109.92,64.6,5.47,9.31,0,0,0
1267462,2014,South Highpoint,Florida,4624.0,23.32,1223.31,53.46,865.0,35625.0,98000.0,38.9,48.27,12.18,30.82,0.0,5.3,0.0,1.62,1.82,104.17,52.4,4.28,8.52,0,0,0
1267462,2015,South Highpoint,Florida,4624.0,23.32,1266.29,53.46,865.0,35625.0,98000.0,38.9,48.27,12.18,30.82,0.0,5.3,0.0,1.62,1.82,128.2,67.38,5.32,10.12,0,0,0
1267462,2016,South Highpoint,Florida,4624.0,23.32,1308.52,53.46,865.0,35625.0,98000.0,38.9,48.27,12.18,30.82,0.0,5.3,0.0,1.62,1.82,87.71,36.23,2.77,6.7,0,0,0
1267675,2000,South Pasadena,Florida,5778.0,8.62,1227.89,37.79,609.0,28160.0,111100.0,33.3,97.13,0.21,1.54,0.03,0.73,0.02,0.31,0.03,15.1,2.49,0.2,1.23,0,0,0
1267675,2001,South Pasadena,Florida,5778.0,8.62,1243.49,37.79,609.0,28160.0,111100.0,33.3,97.13,0.21,1.54,0.03,0.73,0.02,0.31,0.03,22.86,11.0,0.88,1.84,0,0,0
1267675,2002,South Pasadena,Florida,5778.0,8.62,1256.87,37.79,609.0,28160.0,111100.0,33.3,97.13,0.21,1.54,0.03,0.73,0.02,0.31,0.03,22.75,6.05,0.48,1.81,0,0,0
1267675,2003,South Pasadena,Florida,5778.0,8.62,1273.47,37.79,609.0,28160.0,111100.0,33.3,97.13,0.21,1.54,0.03,0.73,0.02,0.31,0.03,19.32,9.78,0.77,1.52,0,0,0
1267675,2004,South Pasadena,Florida,5778.0,8.62,1286.85,37.79,609.0,28160.0,111100.0,33.3,97.13,0.21,1.54,0.03,0.73,0.02,0.31,0.03,20.17,7.92,0.62,1.57,0,0,0
1267675,2005,South Pasadena,Florida,5576.0,2.07,1303.45,34.46,679.0,33173.0,223300.0,35.4,95.0,1.26,1.63,0.0,1.27,0.0,0.0,0.84,16.96,9.27,0.71,1.3,0,0,0
1267675,2006,South Pasadena,Florida,5576.0,2.07,1315.83,34.46,679.0,33173.0,223300.0,35.4,95.0,1.26,1.63,0.0,1.27,0.0,0.0,0.84,15.74,4.27,0.32,1.2,0,0,0
1267675,2007,South Pasadena,Florida,5576.0,2.07,1331.43,34.46,679.0,33173.0,223300.0,35.4,95.0,1.26,1.63,0.0,1.27,0.0,0.0,0.84,19.75,6.3,0.47,1.48,0,0,0
1267675,2008,South Pasadena,Florida,5576.0,2.07,1345.81,34.46,679.0,33173.0,223300.0,35.4,95.0,1.26,1.63,0.0,1.27,0.0,0.0,0.84,19.89,16.57,1.23,1.48,0,0,0
1267675,2009,South Pasadena,Florida,5576.0,2.07,1361.41,34.46,679.0,33173.0,223300.0,35.4,95.0,1.26,1.63,0.0,1.27,0.0,0.0,0.84,23.95,11.52,0.85,1.76,0,0,0
1267675,2010,South Pasadena,Florida,4964.0,2.48,1374.8,45.22,954.0,34977.0,186100.0,32.9,93.17,1.79,3.16,0.12,1.07,0.04,0.48,0.16,20.03,12.54,0.91,1.46,0,0,0
1267675,2011,South Pasadena,Florida,5009.0,3.57,1408.02,43.01,1007.0,33789.0,163700.0,33.7,91.95,1.02,4.41,0.0,2.62,0.0,0.0,0.0,19.44,11.78,0.84,1.38,0,0,0
1267675,2012,South Pasadena,Florida,5009.0,3.57,1441.14,43.01,1007.0,33789.0,163700.0,33.7,91.95,1.02,4.41,0.0,2.62,0.0,0.0,0.0,23.03,9.71,0.67,1.6,0,0,0
1267675,2013,South Pasadena,Florida,5009.0,3.57,1477.3,43.01,1007.0,33789.0,163700.0,33.7,91.95,1.02,4.41,0.0,2.62,0.0,0.0,0.0,26.79,10.25,0.69,1.81,0,0,0
1267675,2014,South Pasadena,Florida,5009.0,3.57,1510.25,43.01,1007.0,33789.0,163700.0,33.7,91.95,1.02,4.41,0.0,2.62,0.0,0.0,0.0,34.06,16.38,1.08,2.26,0,0,0
1267675,2015,South Pasadena,Florida,5009.0,3.57,1543.65,43.01,1007.0,33789.0,163700.0,33.7,91.95,1.02,4.41,0.0,2.62,0.0,0.0,0.0,26.59,14.07,0.91,1.72,0,0,0
1267675,2016,South Pasadena,Florida,5009.0,3.57,1576.6,43.01,1007.0,33789.0,163700.0,33.7,91.95,1.02,4.41,0.0,2.62,0.0,0.0,0.0,22.28,13.58,0.86,1.41,0,0,0
1271150,2000,Tarpon Springs,Florida,21003.0,9.84,2032.42,21.99,528.0,38251.0,107100.0,27.5,86.95,6.02,4.33,0.23,1.04,0.05,1.32,0.05,100.98,33.35,1.64,4.97,0,0,0
1271150,2001,Tarpon Springs,Florida,21003.0,9.84,2113.39,21.99,528.0,38251.0,107100.0,27.5,86.95,6.02,4.33,0.23,1.04,0.05,1.32,0.05,131.12,41.71,1.97,6.2,0,0,0
1271150,2002,Tarpon Springs,Florida,21003.0,9.84,2192.98,21.99,528.0,38251.0,107100.0,27.5,86.95,6.02,4.33,0.23,1.04,0.05,1.32,0.05,190.15,69.98,3.19,8.67,0,0,0
1271150,2003,Tarpon Springs,Florida,21003.0,9.84,2278.81,21.99,528.0,38251.0,107100.0,27.5,86.95,6.02,4.33,0.23,1.04,0.05,1.32,0.05,160.77,66.91,2.94,7.05,0,0,0
1271150,2004,Tarpon Springs,Florida,21003.0,9.84,2358.98,21.99,528.0,38251.0,107100.0,27.5,86.95,6.02,4.33,0.23,1.04,0.05,1.32,0.05,163.04,56.81,2.41,6.91,0,0,0
1271150,2005,Tarpon Springs,Florida,23313.0,10.47,2442.76,18.63,734.0,46496.0,210100.0,36.5,86.45,6.29,4.66,0.18,1.28,0.0,1.09,0.05,148.69,79.98,3.27,6.09,0,0,0
1271150,2006,Tarpon Springs,Florida,23313.0,10.47,2519.24,18.63,734.0,46496.0,210100.0,36.5,86.45,6.29,4.66,0.18,1.28,0.0,1.09,0.05,149.27,87.99,3.49,5.93,0,0,0
1271150,2007,Tarpon Springs,Florida,23313.0,10.47,2600.22,18.63,734.0,46496.0,210100.0,36.5,86.45,6.29,4.66,0.18,1.28,0.0,1.09,0.05,147.19,88.36,3.4,5.66,0,0,0
1271150,2008,Tarpon Springs,Florida,23313.0,10.47,2685.24,18.63,734.0,46496.0,210100.0,36.5,86.45,6.29,4.66,0.18,1.28,0.0,1.09,0.05,156.57,83.09,3.09,5.83,0,0,0
1271150,2009,Tarpon Springs,Florida,23313.0,10.47,2765.63,18.63,734.0,46496.0,210100.0,36.5,86.45,6.29,4.66,0.18,1.28,0.0,1.09,0.05,141.48,77.2,2.79,5.12,0,0,0
1271150,2010,Tarpon Springs,Florida,23484.0,9.12,2845.8,27.6,843.0,43522.0,178300.0,33.1,83.17,6.12,7.27,0.21,1.41,0.08,1.54,0.2,121.46,75.84,2.67,4.27,0,0,0
1271150,2011,Tarpon Springs,Florida,24003.0,9.69,2949.54,29.17,814.0,45104.0,164400.0,31.2,83.19,5.73,6.91,0.34,1.72,0.0,2.11,0.0,121.44,82.32,2.79,4.12,0,0,0
1271150,2012,Tarpon Springs,Florida,24003.0,9.69,3051.26,29.17,814.0,45104.0,164400.0,31.2,83.19,5.73,6.91,0.34,1.72,0.0,2.11,0.0,141.57,95.2,3.12,4.64,0,0,0
1271150,2013,Tarpon Springs,Florida,24003.0,9.69,3157.0,29.17,814.0,45104.0,164400.0,31.2,83.19,5.73,6.91,0.34,1.72,0.0,2.11,0.0,151.12,84.32,2.67,4.79,0,0,0
1271150,2014,Tarpon Springs,Florida,24003.0,9.69,3255.2,29.17,814.0,45104.0,164400.0,31.2,83.19,5.73,6.91,0.34,1.72,0.0,2.11,0.0,149.4,88.17,2.71,4.59,0,0,0
1271150,2015,Tarpon Springs,Florida,24003.0,9.69,3359.56,29.17,814.0,45104.0,164400.0,31.2,83.19,5.73,6.91,0.34,1.72,0.0,2.11,0.0,193.21,89.48,2.66,5.75,0,0,0
1271150,2016,Tarpon Springs,Florida,24003.0,9.69,3460.66,29.17,814.0,45104.0,164400.0,31.2,83.19,5.73,6.91,0.34,1.72,0.0,2.11,0.0,167.83,74.22,2.14,4.85,0,0,0
1271825,2000,Tierra Verde,Florida,3574.0,3.89,215.89,13.06,1120.0,86617.0,256200.0,25.7,93.14,1.62,3.41,0.2,0.92,0.14,0.42,0.14,5.0,1.0,0.46,2.31,0,0,0
1271825,2001,Tierra Verde,Florida,3574.0,3.89,218.88,13.06,1120.0,86617.0,256200.0,25.7,93.14,1.62,3.41,0.2,0.92,0.14,0.42,0.14,8.99,3.0,1.37,4.11,0,0,0
1271825,2002,Tierra Verde,Florida,3574.0,3.89,220.88,13.06,1120.0,86617.0,256200.0,25.7,93.14,1.62,3.41,0.2,0.92,0.14,0.42,0.14,9.0,2.0,0.91,4.07,0,0,0
1271825,2003,Tierra Verde,Florida,3574.0,3.89,223.88,13.06,1120.0,86617.0,256200.0,25.7,93.14,1.62,3.41,0.2,0.92,0.14,0.42,0.14,7.99,3.0,1.34,3.57,0,0,0
1271825,2004,Tierra Verde,Florida,3574.0,3.89,223.88,13.06,1120.0,86617.0,256200.0,25.7,93.14,1.62,3.41,0.2,0.92,0.14,0.42,0.14,6.0,4.0,1.79,2.68,0,0,0
1271825,2005,Tierra Verde,Florida,3142.0,1.5,226.88,11.16,1413.0,99826.0,565100.0,29.0,95.54,0.32,3.18,0.0,0.95,0.0,0.0,0.0,3.0,0.0,0.0,1.32,0,0,0
1271825,2006,Tierra Verde,Florida,3142.0,1.5,228.88,11.16,1413.0,99826.0,565100.0,29.0,95.54,0.32,3.18,0.0,0.95,0.0,0.0,0.0,4.0,3.0,1.31,1.75,0,0,0
1271825,2007,Tierra Verde,Florida,3142.0,1.5,231.88,11.16,1413.0,99826.0,565100.0,29.0,95.54,0.32,3.18,0.0,0.95,0.0,0.0,0.0,7.0,2.0,0.86,3.02,0,0,0
1271825,2008,Tierra Verde,Florida,3142.0,1.5,231.87,11.16,1413.0,99826.0,565100.0,29.0,95.54,0.32,3.18,0.0,0.95,0.0,0.0,0.0,5.0,2.0,0.86,2.16,0,0,0
1271825,2009,Tierra Verde,Florida,3142.0,1.5,234.87,11.16,1413.0,99826.0,565100.0,29.0,95.54,0.32,3.18,0.0,0.95,0.0,0.0,0.0,5.0,3.0,1.28,2.13,0,0,0
1271825,2010,Tierra Verde,Florida,3721.0,2.78,236.87,13.52,1413.0,92813.0,379500.0,19.9,92.23,1.1,3.74,0.38,1.37,0.05,0.83,0.3,5.0,2.0,0.84,2.11,0,0,0
1271825,2011,Tierra Verde,Florida,3359.0,5.0,247.87,9.38,1477.0,90781.0,436700.0,17.0,91.63,0.95,4.82,0.33,1.49,0.0,0.77,0.0,4.0,2.0,0.81,1.61,0,0,0
1271825,2012,Tierra Verde,Florida,3359.0,5.0,256.86,9.38,1477.0,90781.0,436700.0,17.0,91.63,0.95,4.82,0.33,1.49,0.0,0.77,0.0,7.0,2.0,0.78,2.72,0,0,0
1271825,2013,Tierra Verde,Florida,3359.0,5.0,267.86,9.38,1477.0,90781.0,436700.0,17.0,91.63,0.95,4.82,0.33,1.49,0.0,0.77,0.0,4.0,1.0,0.37,1.49,0,0,0
1271825,2014,Tierra Verde,Florida,3359.0,5.0,277.85,9.38,1477.0,90781.0,436700.0,17.0,91.63,0.95,4.82,0.33,1.49,0.0,0.77,0.0,3.0,1.0,0.36,1.08,0,0,0
1271825,2015,Tierra Verde,Florida,3359.0,5.0,287.85,9.38,1477.0,90781.0,436700.0,17.0,91.63,0.95,4.82,0.33,1.49,0.0,0.77,0.0,4.0,1.0,0.35,1.39,0,0,0
1271825,2016,Tierra Verde,Florida,3359.0,5.0,297.84,9.38,1477.0,90781.0,436700.0,17.0,91.63,0.95,4.82,0.33,1.49,0.0,0.77,0.0,6.0,3.0,1.01,2.01,0,0,0
1272325,2000,Treasure Island,Florida,7450.0,5.58,1440.0,34.88,656.0,42150.0,234200.0,23.8,95.88,0.28,2.23,0.28,0.59,0.03,0.63,0.08,59.0,16.0,1.11,4.1,0,0,0
1272325,2001,Treasure Island,Florida,7450.0,5.58,1432.0,34.88,656.0,42150.0,234200.0,23.8,95.88,0.28,2.23,0.28,0.59,0.03,0.63,0.08,47.0,17.0,1.19,3.28,0,0,0
1272325,2002,Treasure Island,Florida,7450.0,5.58,1419.0,34.88,656.0,42150.0,234200.0,23.8,95.88,0.28,2.23,0.28,0.59,0.03,0.63,0.08,68.0,21.0,1.48,4.79,0,0,0
1272325,2003,Treasure Island,Florida,7450.0,5.58,1410.0,34.88,656.0,42150.0,234200.0,23.8,95.88,0.28,2.23,0.28,0.59,0.03,0.63,0.08,95.0,49.0,3.48,6.74,0,0,0
1272325,2004,Treasure Island,Florida,7450.0,5.58,1400.0,34.88,656.0,42150.0,234200.0,23.8,95.88,0.28,2.23,0.28,0.59,0.03,0.63,0.08,89.0,27.0,1.93,6.36,0,0,0
1272325,2005,Treasure Island,Florida,7457.0,0.68,1392.0,36.06,918.0,50509.0,418400.0,33.1,95.86,0.0,1.96,0.0,1.54,0.0,0.64,0.0,68.0,48.0,3.45,4.89,0,0,0
1272325,2006,Treasure Island,Florida,7457.0,0.68,1380.0,36.06,918.0,50509.0,418400.0,33.1,95.86,0.0,1.96,0.0,1.54,0.0,0.64,0.0,72.0,44.0,3.19,5.22,0,0,0
1272325,2007,Treasure Island,Florida,7457.0,0.68,1370.0,36.06,918.0,50509.0,418400.0,33.1,95.86,0.0,1.96,0.0,1.54,0.0,0.64,0.0,88.0,53.0,3.87,6.42,0,0,0
1272325,2008,Treasure Island,Florida,7457.0,0.68,1361.0,36.06,918.0,50509.0,418400.0,33.1,95.86,0.0,1.96,0.0,1.54,0.0,0.64,0.0,64.0,33.0,2.42,4.7,0,0,0
1272325,2009,Treasure Island,Florida,7457.0,0.68,1348.0,36.06,918.0,50509.0,418400.0,33.1,95.86,0.0,1.96,0.0,1.54,0.0,0.64,0.0,55.0,22.0,1.63,4.08,0,0,0
1272325,2010,Treasure Island,Florida,6705.0,2.79,1340.0,35.15,1080.0,58148.0,360600.0,32.0,94.23,0.75,3.03,0.16,0.81,0.04,0.84,0.15,37.0,20.0,1.49,2.76,0,0,0
1272325,2011,Treasure Island,Florida,6783.0,5.45,1377.0,29.44,1267.0,61758.0,347100.0,32.3,92.35,0.0,5.17,0.0,1.49,0.25,0.74,0.0,43.0,32.0,2.32,3.12,0,0,0
1272325,2012,Treasure Island,Florida,6783.0,5.45,1414.0,29.44,1267.0,61758.0,347100.0,32.3,92.35,0.0,5.17,0.0,1.49,0.25,0.74,0.0,50.0,34.0,2.4,3.54,0,0,0
1272325,2013,Treasure Island,Florida,6783.0,5.45,1452.0,29.44,1267.0,61758.0,347100.0,32.3,92.35,0.0,5.17,0.0,1.49,0.25,0.74,0.0,50.0,29.0,2.0,3.44,0,0,0
1272325,2014,Treasure Island,Florida,6783.0,5.45,1487.0,29.44,1267.0,61758.0,347100.0,32.3,92.35,0.0,5.17,0.0,1.49,0.25,0.74,0.0,41.0,24.0,1.61,2.76,0,0,0
1272325,2015,Treasure Island,Florida,6783.0,5.45,1525.0,29.44,1267.0,61758.0,347100.0,32.3,92.35,0.0,5.17,0.0,1.49,0.25,0.74,0.0,41.0,24.0,1.57,2.69,0,0,0
1272325,2016,Treasure Island,Florida,6783.0,5.45,1561.0,29.44,1267.0,61758.0,347100.0,32.3,92.35,0.0,5.17,0.0,1.49,0.25,0.74,0.0,38.0,18.0,1.15,2.43,0,0,0
1276481,2000,West Lealman,Florida,,,1810.61,,,,,,,,,,,,,,158.88,56.71,3.13,8.77,0,0,0
1276481,2001,West Lealman,Florida,,,1836.38,,,,,,,,,,,,,,142.84,58.29,3.17,7.78,0,0,0
1276481,2002,West Lealman,Florida,,,1863.19,,,,,,,,,,,,,,164.77,66.8,3.59,8.84,0,0,0
1276481,2003,West Lealman,Florida,,,1887.96,,,,,,,,,,,,,,171.76,72.91,3.86,9.1,0,0,0
1276481,2004,West Lealman,Florida,,,1915.27,,,,,,,,,,,,,,180.47,69.16,3.61,9.42,0,0,0
1276481,2005,West Lealman,Florida,,,1942.93,,,,,,,,,,,,,,131.71,82.13,4.23,6.78,0,0,0
1276481,2006,West Lealman,Florida,,,1968.58,,,,,,,,,,,,,,187.52,146.4,7.44,9.53,0,0,0
1276481,2007,West Lealman,Florida,,,1994.51,,,,,,,,,,,,,,172.84,116.53,5.84,8.67,0,0,0
1276481,2008,West Lealman,Florida,,,2020.65,,,,,,,,,,,,,,144.57,103.72,5.13,7.15,0,0,0
1276481,2009,West Lealman,Florida,,,2046.59,,,,,,,,,,,,,,179.37,105.46,5.15,8.76,0,0,0
1276481,2010,West Lealman,Florida,15651.0,14.56,2073.23,27.46,830.0,32069.0,89900.0,37.0,80.92,4.22,8.33,0.36,3.9,0.1,2.08,0.1,146.05,109.34,5.27,7.04,0,0,0
1276481,2011,West Lealman,Florida,15838.0,12.96,2133.51,26.53,830.0,32249.0,73300.0,35.0,74.84,3.79,11.67,0.1,7.27,0.6,1.51,0.21,158.97,115.14,5.4,7.45,0,0,0
1276481,2012,West Lealman,Florida,15838.0,12.96,2191.11,26.53,830.0,32249.0,73300.0,35.0,74.84,3.79,11.67,0.1,7.27,0.6,1.51,0.21,135.1,92.79,4.23,6.17,0,0,0
1276481,2013,West Lealman,Florida,15838.0,12.96,2256.37,26.53,830.0,32249.0,73300.0,35.0,74.84,3.79,11.67,0.1,7.27,0.6,1.51,0.21,164.78,98.55,4.37,7.3,0,0,0
1276481,2014,West Lealman,Florida,15838.0,12.96,2313.84,26.53,830.0,32249.0,73300.0,35.0,74.84,3.79,11.67,0.1,7.27,0.6,1.51,0.21,143.86,69.97,3.02,6.22,0,0,0
1276481,2015,West Lealman,Florida,15838.0,12.96,2372.24,26.53,830.0,32249.0,73300.0,35.0,74.84,3.79,11.67,0.1,7.27,0.6,1.51,0.21,153.06,74.37,3.13,6.45,0,0,0
1276481,2016,West Lealman,Florida,15838.0,12.96,2431.72,26.53,830.0,32249.0,73300.0,35.0,74.84,3.79,11.67,0.1,7.27,0.6,1.51,0.21,201.38,94.97,3.91,8.28,0,0,0
